case,implementation,process_order,jsonmodem_us,paired_orjson_3_11_9_us,included_in_275_case_mean
output:small,pr8,0,0.5896718444824218,0.3352671356201172,True
output:medium,pr8,0,190.80253515625,110.1524921875,True
output:integers,pr8,0,135.96253515625,57.68506640625,True
output:floats,pr8,0,399.5850546875,339.752796875,True
output:strings,pr8,0,31.8430986328125,10.8521689453125,True
output:escaped,pr8,0,132.00279296875,45.348484375,True
output:long_string,pr8,0,18.76209521484375,6.1461650390625,True
output:integers_wide_signed,pr8,0,314.938421875,596.141078125,True
output:integers_wide_unsigned,pr8,0,238.153125,527.916078125,True
output:scalar_integer,pr8,0,0.29398409271240233,0.23485066986083986,True
output:integers_tiny,pr8,0,0.38424659729003907,0.25239308166503904,True
output:indent_integers,pr8,0,169.1764921875,98.2208671875,True
output:strict_integers,pr8,0,137.41351953125,58.079953125,True
output:sorted_medium,pr8,0,306.7576171875,161.9711875,True
output:integer_keys,pr8,0,49.08617578125,46.0311943359375,True
output:dataclasses,pr8,0,234.400875,100.4366640625,True
output:dataclass_single,pr8,0,1.6643838500976562,0.35226055908203124,True
output:dataclass_slots_single,pr8,0,2.704237121582031,0.8094052734375,True
output:dataclass_slots,pr8,0,1035.904875,550.8206875,True
output:dataclass_nested,pr8,0,623.4413125,257.957859375,True
output:dataclass_indent,pr8,0,257.12003125,122.7413828125,True
output:dataclass_sorted,pr8,0,687.890109375,298.072921875,True
output:dataclass_default,pr8,0,380.5694375,181.3194765625,True
output:numpy_int64,pr8,0,1385.965375,1787.05028125,True
output:numpy_float32,pr8,0,3332.8645,3988.831875,True
output:late_default,pr8,0,13.256448974609375,3.239760009765625,True
output:dataclass_fields8,pr8,0,482.449265625,207.053546875,True
output:dataclass_fields16,pr8,0,872.014859375,358.478515625,True
frontend:loads_small,pr8,0,0.8771003723144531,0.7228907470703125,True
frontend:loads_small_bytearray,pr8,0,0.9152071075439453,0.7314878692626953,True
frontend:loads_small_memoryview,pr8,0,0.9904679565429687,0.7283765563964844,True
frontend:loads_small_array_view,pr8,0,1.004558349609375,0.7312385864257812,True
frontend:loads_medium,pr8,0,429.6258515625,331.4692109375,True
frontend:loads_medium_bytearray,pr8,0,430.8656796875,332.6354609375,True
frontend:loads_medium_memoryview,pr8,0,432.1657734375,330.7688125,True
frontend:loads_medium_array_view,pr8,0,434.2089453125,331.6306484375,True
frontend:loads_integers,pr8,0,322.3411796875,234.41990625,True
frontend:loads_integers_bytearray,pr8,0,322.3497265625,233.152734375,True
frontend:loads_integers_memoryview,pr8,0,323.557578125,232.77109375,True
frontend:loads_integers_array_view,pr8,0,328.0024609375,232.7312734375,True
frontend:loads_floats,pr8,0,621.41409375,427.02021875,True
frontend:loads_floats_bytearray,pr8,0,626.79753125,424.807796875,True
frontend:loads_floats_memoryview,pr8,0,634.051265625,426.39125,True
frontend:loads_floats_array_view,pr8,0,625.256640625,427.5595,True
frontend:loads_strings,pr8,0,50.915654296875,48.0045751953125,True
frontend:loads_strings_bytearray,pr8,0,51.970337890625,47.42482421875,True
frontend:loads_strings_memoryview,pr8,0,52.8582109375,47.896908203125,True
frontend:loads_strings_array_view,pr8,0,52.303298828125,48.1873349609375,True
frontend:loads_escaped,pr8,0,336.100484375,178.9281796875,True
frontend:loads_escaped_bytearray,pr8,0,338.070046875,178.6737890625,True
frontend:loads_escaped_memoryview,pr8,0,340.358671875,179.146375,True
frontend:loads_escaped_array_view,pr8,0,340.3523671875,181.0392421875,True
frontend:loads_long_string,pr8,0,24.74198046875,76.70815625,True
frontend:loads_long_string_bytearray,pr8,0,29.14157421875,77.5881328125,True
frontend:loads_long_string_memoryview,pr8,0,28.83978515625,76.948587890625,True
frontend:loads_long_string_array_view,pr8,0,28.803283203125,76.06134375,True
frontend:dumps_root_empty,pr8,0,0.1849133758544922,0.2088417625427246,True
frontend:loads_root_empty,pr8,0,0.1836140365600586,0.1293725357055664,True
frontend:dumps_root_tiny,pr8,0,0.20407737731933595,0.21231328582763673,True
frontend:loads_root_tiny,pr8,0,0.22551850128173828,0.2833490524291992,True
frontend:dumps_root_below_threshold,pr8,0,0.36156108856201175,0.34201184844970706,True
frontend:loads_root_below_threshold,pr8,0,0.2576511993408203,0.3995998077392578,True
frontend:dumps_root_at_threshold,pr8,0,0.2208364028930664,0.3425085296630859,True
frontend:loads_root_at_threshold,pr8,0,0.2602367248535156,0.4014838409423828,True
frontend:dumps_root_medium,pr8,0,0.6626134185791016,0.48485957336425783,True
frontend:loads_root_medium,pr8,0,0.915777587890625,2.2899844360351564,True
frontend:dumps_root_long,pr8,0,16.799001953125,5.67039453125,True
frontend:loads_root_long,pr8,0,22.53073046875,69.81558203125,True
frontend:dumps_root_early_quote,pr8,0,18.24391845703125,5.6123701171875,True
frontend:loads_root_early_quote,pr8,0,26.57439453125,84.677326171875,True
frontend:dumps_root_late_quote,pr8,0,18.46074658203125,5.6287919921875,True
frontend:loads_root_late_quote,pr8,0,26.6126953125,69.826125,True
frontend:dumps_root_dense_escapes,pr8,0,96.52140625,322.22759375,True
frontend:loads_root_dense_escapes,pr8,0,143.93836328125,133.312296875,True
frontend:dumps_root_latin1,pr8,0,122.83736328125,5.7321875,True
frontend:loads_root_latin1,pr8,0,130.2349609375,129.198734375,True
frontend:dumps_root_bmp,pr8,0,124.1199140625,6.195796875,True
frontend:loads_root_bmp,pr8,0,126.6985703125,113.15369921875,True
frontend:dumps_root_non_bmp,pr8,0,109.61212109375,5.80151953125,True
frontend:loads_root_non_bmp,pr8,0,123.43619921875,103.1922890625,True
frontend:dumps_root_append_newline,pr8,0,17.08204052734375,5.8615341796875,True
frontend:dumps_root_indent,pr8,0,16.9344462890625,5.9156396484375,True
frontend:loads_escaped_values,pr8,0,73.7263359375,43.124677734375,True
frontend:loads_unicode_escapes,pr8,0,203.46130078125,54.54416015625,True
frontend:loads_repeated_escaped_keys,pr8,0,161.23044140625,114.9735859375,True
frontend:loads_unique_escaped_keys,pr8,0,107.806970703125,50.101185546875,True
numbers:loads_small,pr8,0,0.505474365234375,0.385776123046875,True
numbers:loads_medium,pr8,0,368.71225,264.065953125,True
numbers:loads_integers,pr8,0,331.0572890625,236.55921875,True
numbers:loads_random_small,pr8,0,436.057515625,330.6854296875,True
numbers:loads_wide_signed,pr8,0,607.849796875,485.168484375,True
numbers:loads_wide_unsigned,pr8,0,515.920890625,349.663203125,True
numbers:loads_mixed_integers,pr8,0,622.67584375,489.443015625,True
numbers:loads_tiny_integers,pr8,0,0.2912153091430664,0.2803296356201172,True
numbers:loads_scalar_integer,pr8,0,0.10305702209472656,0.1536113052368164,True
numbers:loads_floats,pr8,0,632.556640625,432.4249375,True
numbers:loads_float_bits,pr8,0,994.4321875,604.16178125,True
numbers:loads_overflow_integers,pr8,0,1305.79684375,920.1763125,True
numbers:loads_long_fractions,pr8,0,1028.55565625,589.1435625,True
numbers:loads_zero_forms,pr8,0,0.48281321716308595,0.3027720947265625,True
numbers:dumps_small,pr8,0,0.23119065856933593,0.13896285247802734,True
numbers:dumps_medium,pr8,0,162.7453984375,93.045265625,True
numbers:dumps_integers,pr8,0,134.97470703125,57.18148828125,True
numbers:dumps_random_small,pr8,0,210.28438671875,104.74067578125,True
numbers:dumps_wide_signed,pr8,0,311.508953125,587.614625,True
numbers:dumps_wide_unsigned,pr8,0,247.79371875,530.539921875,True
numbers:dumps_mixed_integers,pr8,0,329.6128125,582.15509375,True
numbers:dumps_tiny_integers,pr8,0,0.18495685958862304,0.1340725975036621,True
numbers:dumps_scalar_integer,pr8,0,0.10625643157958985,0.10946619606018067,True
numbers:dumps_floats,pr8,0,419.9993203125,343.6681015625,True
numbers:dumps_float_bits,pr8,0,415.5274453125,357.0301015625,True
strings:loads/short_plain/bytes,pr8,0,0.11890697860717774,0.1662009162902832,True
strings:loads/short_plain/bytearray,pr8,0,0.13850994873046876,0.17636825942993165,True
strings:loads/short_plain/memoryview,pr8,0,0.2135176887512207,0.17008364868164064,True
strings:loads/short_plain/array_view,pr8,0,0.2132316246032715,0.1711823043823242,True
strings:dumps/short_plain/object,pr8,0,0.10356963729858398,0.10417181205749512,True
strings:loads/short_escaped/bytes,pr8,0,0.19379518508911134,0.1752336769104004,True
strings:loads/short_escaped/bytearray,pr8,0,0.20597572326660157,0.1792590789794922,True
strings:loads/short_escaped/memoryview,pr8,0,0.2918426284790039,0.18058760833740234,True
strings:loads/short_escaped/array_view,pr8,0,0.29424362182617186,0.1808194046020508,True
strings:dumps/short_escaped/object,pr8,0,0.11799408721923828,0.12028559494018555,True
strings:loads/plain_values/bytes,pr8,0,51.116796875,47.938080078125,True
strings:loads/plain_values/bytearray,pr8,0,52.1791689453125,47.850171875,True
strings:loads/plain_values/memoryview,pr8,0,52.48040234375,48.1800576171875,True
strings:loads/plain_values/array_view,pr8,0,52.8470322265625,47.9200478515625,True
strings:dumps/plain_values/object,pr8,0,32.315869140625,12.092884765625,True
strings:loads/escaped_values/bytes,pr8,0,88.85997265625,48.016501953125,True
strings:loads/escaped_values/bytearray,pr8,0,90.841587890625,48.374283203125,True
strings:loads/escaped_values/memoryview,pr8,0,90.938365234375,48.133994140625,True
strings:loads/escaped_values/array_view,pr8,0,90.1396171875,48.189380859375,True
strings:dumps/escaped_values/object,pr8,0,46.0782529296875,30.1715234375,True
strings:loads/unicode_escapes/bytes,pr8,0,212.65320703125,60.724453125,True
strings:loads/unicode_escapes/bytearray,pr8,0,214.1236171875,61.109046875,True
strings:loads/unicode_escapes/memoryview,pr8,0,232.19358203125,61.4132890625,True
strings:loads/unicode_escapes/array_view,pr8,0,212.72108984375,60.6122890625,True
strings:dumps/unicode_escapes/object,pr8,0,50.1417705078125,9.1049423828125,True
strings:loads/escaped_keys/bytes,pr8,0,440.948265625,222.7641171875,True
strings:loads/escaped_keys/bytearray,pr8,0,436.091078125,220.8810703125,True
strings:loads/escaped_keys/memoryview,pr8,0,434.4154453125,223.294546875,True
strings:loads/escaped_keys/array_view,pr8,0,432.5104375,220.405859375,True
strings:dumps/escaped_keys/object,pr8,0,128.4673046875,65.19564453125,True
strings:loads/unique_keys/bytes,pr8,0,134.42596875,62.44074609375,True
strings:loads/unique_keys/bytearray,pr8,0,134.22289453125,62.421390625,True
strings:loads/unique_keys/memoryview,pr8,0,134.740515625,62.32901171875,True
strings:loads/unique_keys/array_view,pr8,0,135.765828125,62.710203125,True
strings:dumps/unique_keys/object,pr8,0,34.99590625,23.239603515625,True
strings:loads/long_plain/bytes,pr8,0,25.757515625,78.573802734375,True
strings:loads/long_plain/bytearray,pr8,0,29.56737109375,79.684775390625,True
strings:loads/long_plain/memoryview,pr8,0,29.5040625,77.849212890625,True
strings:loads/long_plain/array_view,pr8,0,30.230509765625,79.838765625,True
strings:dumps/long_plain/object,pr8,0,18.94418701171875,6.1049677734375,True
strings:loads/long_escaped/bytes,pr8,0,84.13201171875,88.23783203125,True
strings:loads/long_escaped/bytearray,pr8,0,86.06971484375,89.381388671875,True
strings:loads/long_escaped/memoryview,pr8,0,86.507693359375,87.75558984375,True
strings:loads/long_escaped/array_view,pr8,0,86.757189453125,92.893462890625,True
strings:dumps/long_escaped/object,pr8,0,63.03884375,83.82565234375,True
strings:loads/late_escape/bytes,pr8,0,30.339001953125,77.8750546875,True
strings:loads/late_escape/bytearray,pr8,0,34.80203125,79.989248046875,True
strings:loads/late_escape/memoryview,pr8,0,34.58940234375,77.818994140625,True
strings:loads/late_escape/array_view,pr8,0,35.02388671875,79.653474609375,True
strings:dumps/late_escape/object,pr8,0,21.007556640625,6.207447265625,True
strings:loads/medium/bytes,pr8,0,424.4466953125,327.9360625,True
strings:loads/medium/bytearray,pr8,0,426.1040859375,327.676953125,True
strings:loads/medium/memoryview,pr8,0,426.86290625,330.7923203125,True
strings:loads/medium/array_view,pr8,0,426.4514765625,328.31953125,True
strings:dumps/medium/object,pr8,0,190.1571796875,109.39108203125,True
strings:loads/integers/bytes,pr8,0,327.12065625,238.35496875,True
strings:loads/integers/bytearray,pr8,0,328.6248515625,235.266203125,True
strings:loads/integers/memoryview,pr8,0,325.646578125,236.7561171875,True
strings:loads/integers/array_view,pr8,0,323.553140625,234.37878125,True
strings:dumps/integers/object,pr8,0,136.6801015625,57.20468359375,True
dates:datetime_naive_scalar,pr8,0,0.8597054748535157,0.2611237030029297,True
dates:datetime_naive_16,pr8,0,2.1433638305664062,0.8217122802734375,True
dates:datetime_naive_1024,pr8,0,60.149333984375,38.541185546875,True
dates:datetime_utc_scalar,pr8,0,0.8642800598144531,0.3877284088134766,True
dates:datetime_utc_16,pr8,0,2.2761234741210936,2.375099548339844,True
dates:datetime_utc_1024,pr8,0,64.74067578125,139.37783203125,True
dates:datetime_fixed_offset_scalar,pr8,0,0.9344468994140624,0.3935020751953125,True
dates:datetime_fixed_offset_16,pr8,0,3.0862041015625,2.4792222900390626,True
dates:datetime_fixed_offset_1024,pr8,0,74.2210078125,145.73766796875,True
dates:date_scalar,pr8,0,0.8404695892333984,0.24695635986328124,True
dates:date_16,pr8,0,1.5721033325195313,0.6181255798339844,True
dates:date_1024,pr8,0,38.1147919921875,24.5016298828125,True
dates:time_scalar,pr8,0,0.8851082153320312,0.2711847076416016,True
dates:time_16,pr8,0,2.0967752685546874,0.74777099609375,False
dates:time_1024,pr8,0,58.29578125,34.77134375,False
dates:datetime_naive_1024_zero_microseconds,pr8,0,50.6007021484375,31.2506044921875,True
dates:datetime_utc_1024_zero_microseconds,pr8,0,53.48187890625,126.4250859375,True
dates:time_1024_zero_microseconds,pr8,0,48.4683115234375,28.01448046875,True
dates:datetime_naive_1024_naive_utc,pr8,0,63.07030859375,41.731173828125,True
dates:datetime_naive_1024_omit_microseconds,pr8,0,50.3689404296875,31.512697265625,True
dates:datetime_naive_1024_utc_z,pr8,0,59.2791171875,38.57162890625,True
dates:datetime_naive_1024_naive_utc_omit_microseconds,pr8,0,50.4414541015625,32.1330361328125,True
dates:datetime_naive_1024_naive_utc_z,pr8,0,58.930958984375,40.769662109375,True
dates:datetime_naive_1024_omit_microseconds_utc_z,pr8,0,49.666556640625,31.19982421875,True
dates:datetime_naive_1024_naive_utc_omit_microseconds_utc_z,pr8,0,50.1511650390625,32.7557646484375,True
dates:datetime_utc_1024_omit_microseconds,pr8,0,51.98451953125,124.94784375,True
dates:datetime_utc_1024_utc_z,pr8,0,61.183203125,135.35971875,True
dates:datetime_utc_1024_omit_microseconds_utc_z,pr8,0,50.82016796875,125.6054375,True
dates:time_1024_omit_microseconds,pr8,0,47.7951640625,27.7592939453125,True
dates:date_1024_options,pr8,0,37.9359794921875,24.7267646484375,True
dates:dates_under_dict,pr8,0,154.6472421875,195.38499609375,False
dates:dataclass_dates,pr8,0,284.295140625,258.6801796875,True
dates:datetime_passthrough,pr8,0,1170.868625,811.71953125,True
dates:datetime_subclass,pr8,0,914.509859375,847.85196875,True
dates:datetime_named_zero_offset_1024,pr8,0,66.7108515625,140.68789453125,True
dates:datetime_negative_offset_1024,pr8,0,74.2065234375,145.8847734375,True
dates:datetime_seconds_offset_1024,pr8,0,75.5618125,147.96720703125,True
dates:uuid_scalar_control,pr8,0,0.900396240234375,0.29635841369628907,True
dates:uuid_list_control,pr8,0,99.311619140625,57.362822265625,True
dates:dict_control,pr8,0,0.37109236907958987,0.28268094635009766,True
dates:list_control,pr8,0,12.90203515625,6.22263134765625,True
dates:string_control,pr8,0,0.21700092315673827,0.2190871047973633,True
dates:dataclass_control,pr8,0,246.6042578125,100.397125,True
numpy:datetime_Y_scalar,pr8,0,3.6974666748046876,1.2009228515625,True
numpy:datetime_Y_16,pr8,0,4.882419677734375,2.38230419921875,True
numpy:datetime_Y_4096,pr8,0,92.5329453125,300.22975,True
numpy:datetime_M_scalar,pr8,0,3.6907127685546874,1.22487109375,True
numpy:datetime_M_16,pr8,0,4.8680458984375,2.4390987548828127,True
numpy:datetime_M_4096,pr8,0,105.5260859375,323.3910859375,True
numpy:datetime_D_scalar,pr8,0,3.7334573974609375,1.1978775634765626,True
numpy:datetime_D_16,pr8,0,4.919210571289063,2.331150634765625,True
numpy:datetime_D_4096,pr8,0,125.8896796875,306.607890625,True
numpy:datetime_s_scalar,pr8,0,3.7121171875,1.188193359375,True
numpy:datetime_s_16,pr8,0,4.786306030273438,2.4157554931640624,True
numpy:datetime_s_4096,pr8,0,87.1699453125,318.3546640625,True
numpy:datetime_us_scalar,pr8,0,3.8695052490234376,1.2527147216796874,True
numpy:datetime_us_16,pr8,0,4.83265966796875,2.5103331298828127,True
numpy:datetime_us_4096,pr8,0,91.5644765625,346.5258125,True
numpy:datetime_ns_scalar,pr8,0,3.8433814697265625,1.238668701171875,True
numpy:datetime_ns_16,pr8,0,4.878262573242187,2.516778564453125,True
numpy:datetime_ns_4096,pr8,0,97.6819921875,344.480796875,True
numpy:datetime_us_4096_naive_utc,pr8,0,93.778765625,342.9909375,True
numpy:datetime_us_4096_omit_microseconds,pr8,0,85.7159375,319.315328125,True
numpy:datetime_us_4096_utc_z,pr8,0,92.253640625,347.1429921875,True
numpy:datetime_us_4096_naive_utc_omit_microseconds,pr8,0,87.342953125,315.6262109375,True
numpy:datetime_us_4096_naive_utc_z,pr8,0,89.5584296875,349.5293359375,True
numpy:datetime_us_4096_omit_microseconds_utc_z,pr8,0,85.7061796875,318.1156328125,True
numpy:datetime_us_4096_naive_utc_omit_microseconds_utc_z,pr8,0,90.05021875,323.3300234375,True
numpy:datetime_us_empty,pr8,0,3.9957684326171874,1.233765380859375,True
numpy:datetime_us_matrix,pr8,0,92.3006328125,350.3713828125,True
numpy:datetime_us_under_dict,pr8,0,96.7394609375,351.4358515625,True
public:loads:apache_builds,pr8,0,359.8111176470588,306.52171428571427,True
public:dumps:apache_builds,pr8,0,151.6002512820513,56.62310800744879,True
public:loads:canada,pr8,0,31746.218,13361.685,True
public:dumps:canada,pr8,0,8490.70825,4704.376,True
public:loads:citm_catalog,pr8,0,4926.690166666667,3460.224,True
public:dumps:citm_catalog,pr8,0,1690.1429411764707,728.780052631579,True
public:loads:github_events,pr8,0,153.8133076923077,119.141593625498,True
public:dumps:github_events,pr8,0,63.67405982905983,24.094060344827586,True
public:loads:google_maps_api_response,pr8,0,94.42659235668789,70.84423776223777,True
public:dumps:google_maps_api_response,pr8,0,38.87894640522876,15.83367121791371,True
public:loads:gsoc-2018,pr8,0,4755.869142857143,20427.6105,True
public:dumps:gsoc-2018,pr8,0,2378.722153846154,954.3411034482758,True
public:loads:instruments,pr8,0,707.7934318181817,500.68489830508474,True
public:dumps:instruments,pr8,0,278.95553508771934,107.61074615384615,True
public:loads:marine_ik,pr8,0,31559.255,61317.615,True
public:dumps:marine_ik,pr8,0,10046.832666666665,6464.736,True
public:loads:mesh,pr8,0,3620.784875,2671.3514166666664,True
public:dumps:mesh,pr8,0,2155.5055714285713,1611.4543157894736,True
public:loads:numbers,pr8,0,565.8565925925926,430.1804285714286,True
public:dumps:numbers,pr8,0,418.63491549295776,363.5428414634147,True
public:loads:random,pr8,0,3414.296777777778,2337.4174615384613,True
public:dumps:random,pr8,0,1253.11284,429.17620289855074,True
public:loads:semanticscholar-corpus,pr8,0,79446.88,110612.974,True
public:dumps:semanticscholar-corpus,pr8,0,13777.455666666667,5027.550833333333,True
public:loads:tree-pretty,pr8,0,113.81051893939393,73.18760922330097,True
public:dumps:tree-pretty,pr8,0,44.470195876288656,17.908437086092714,True
public:loads:twitter,pr8,0,2373.0484615384617,1414.7467142857142,True
public:dumps:twitter,pr8,0,855.8968285714285,307.6443711340206,True
public:loads:twitterescaped,pr8,0,2349.15825,1508.2169047619047,True
public:dumps:twitterescaped,pr8,0,882.9462857142856,311.48109375,True
public:loads:update-center,pr8,0,2116.6439333333333,2039.2432,True
public:dumps:update-center,pr8,0,1061.7746896551723,412.9989315068493,True
public:loads:poet,pr8,0,9663.38925,6563.299400000001,True
public:dumps:poet,pr8,0,7745.324,1422.771318181818,True
public:loads:otfcc,pr8,0,2240586.757,3737659.202,True
public:dumps:otfcc,pr8,0,844268.94,389946.818,True
output:small,hardened,0,0.49348968505859375,0.35059773254394533,True
output:medium,hardened,0,183.94790234375,105.83599609375,True
output:integers,hardened,0,136.10413671875,57.572625,True
output:floats,hardened,0,392.9208828125,335.9488828125,True
output:strings,hardened,0,32.324630859375,10.8544287109375,True
output:escaped,hardened,0,136.98000390625,45.724765625,True
output:long_string,hardened,0,20.6750419921875,6.2786591796875,True
output:integers_wide_signed,hardened,0,309.964296875,590.367640625,True
output:integers_wide_unsigned,hardened,0,238.801578125,542.4359375,True
output:scalar_integer,hardened,0,0.22186122131347658,0.24134764099121095,True
output:integers_tiny,hardened,0,0.3052360610961914,0.26865382385253905,True
output:indent_integers,hardened,0,176.7390078125,97.7180859375,True
output:strict_integers,hardened,0,139.456796875,57.427890625,True
output:sorted_medium,hardened,0,292.159234375,158.9688359375,True
output:integer_keys,hardened,0,49.69863671875,45.8813671875,True
output:dataclasses,hardened,0,231.7112109375,98.0670703125,True
output:dataclass_single,hardened,0,1.2278334350585938,0.35707205200195313,True
output:dataclass_slots_single,hardened,0,2.0515670166015627,0.8271104736328125,True
output:dataclass_slots,hardened,0,926.13434375,536.95159375,True
output:dataclass_nested,hardened,0,601.7295625,250.8419375,True
output:dataclass_indent,hardened,0,252.3582734375,119.8485390625,True
output:dataclass_sorted,hardened,0,659.002734375,286.2419375,True
output:dataclass_default,hardened,0,334.344578125,172.6795390625,True
output:numpy_int64,hardened,0,1396.5520625,1803.41009375,True
output:numpy_float32,hardened,0,3287.961875,3956.26475,True
output:late_default,hardened,0,12.570522705078124,3.00343701171875,True
output:dataclass_fields8,hardened,0,462.73815625,207.0660859375,True
output:dataclass_fields16,hardened,0,862.04890625,356.56134375,True
frontend:loads_small,hardened,0,0.9024258728027343,0.7443215942382813,True
frontend:loads_small_bytearray,hardened,0,0.9513125,0.7354004821777343,True
frontend:loads_small_memoryview,hardened,0,1.0145580139160155,0.7331840515136718,True
frontend:loads_small_array_view,hardened,0,1.0047410583496095,0.7287854309082031,True
frontend:loads_medium,hardened,0,446.2613359375,328.1745234375,True
frontend:loads_medium_bytearray,hardened,0,444.289984375,327.99378125,True
frontend:loads_medium_memoryview,hardened,0,442.9929140625,327.415671875,True
frontend:loads_medium_array_view,hardened,0,447.967859375,326.734453125,True
frontend:loads_integers,hardened,0,335.1689609375,232.994484375,True
frontend:loads_integers_bytearray,hardened,0,337.4095390625,234.5056328125,True
frontend:loads_integers_memoryview,hardened,0,339.6825859375,233.6471015625,True
frontend:loads_integers_array_view,hardened,0,343.083203125,234.293453125,True
frontend:loads_floats,hardened,0,653.772265625,432.466046875,True
frontend:loads_floats_bytearray,hardened,0,650.62584375,432.659453125,True
frontend:loads_floats_memoryview,hardened,0,662.10921875,439.54821875,True
frontend:loads_floats_array_view,hardened,0,648.60409375,434.906359375,True
frontend:loads_strings,hardened,0,51.445625,49.1495146484375,True
frontend:loads_strings_bytearray,hardened,0,50.7601572265625,49.72727734375,True
frontend:loads_strings_memoryview,hardened,0,50.308298828125,48.7243408203125,True
frontend:loads_strings_array_view,hardened,0,50.1655390625,49.0241494140625,True
frontend:loads_escaped,hardened,0,352.92584375,183.74890625,True
frontend:loads_escaped_bytearray,hardened,0,353.4548203125,183.546984375,True
frontend:loads_escaped_memoryview,hardened,0,356.058578125,183.0085703125,True
frontend:loads_escaped_array_view,hardened,0,355.8062734375,183.662546875,True
frontend:loads_long_string,hardened,0,23.4970390625,78.4798046875,True
frontend:loads_long_string_bytearray,hardened,0,28.1248046875,78.678087890625,True
frontend:loads_long_string_memoryview,hardened,0,28.279166015625,78.6473203125,True
frontend:loads_long_string_array_view,hardened,0,27.845435546875,76.780439453125,True
frontend:dumps_root_empty,hardened,0,0.19771234893798828,0.21287368392944336,True
frontend:loads_root_empty,hardened,0,0.18849172973632813,0.1275050277709961,True
frontend:dumps_root_tiny,hardened,0,0.2130000648498535,0.21509089660644531,True
frontend:loads_root_tiny,hardened,0,0.22262600708007813,0.27581661224365234,True
frontend:dumps_root_below_threshold,hardened,0,0.3497078094482422,0.3455335693359375,True
frontend:loads_root_below_threshold,hardened,0,0.2553480453491211,0.40054792785644533,True
frontend:dumps_root_at_threshold,hardened,0,0.2082425994873047,0.3449971923828125,True
frontend:loads_root_at_threshold,hardened,0,0.2579049301147461,0.4009366912841797,True
frontend:dumps_root_medium,hardened,0,0.6908986358642578,0.48375746154785154,True
frontend:loads_root_medium,hardened,0,0.8859155883789063,2.323847839355469,True
frontend:dumps_root_long,hardened,0,18.5079990234375,5.60019970703125,True
frontend:loads_root_long,hardened,0,21.240765625,71.585861328125,True
frontend:dumps_root_early_quote,hardened,0,20.01312109375,5.69398828125,True
frontend:loads_root_early_quote,hardened,0,25.85761328125,86.315201171875,True
frontend:dumps_root_late_quote,hardened,0,20.19191357421875,5.79466015625,True
frontend:loads_root_late_quote,hardened,0,26.08884375,71.497291015625,True
frontend:dumps_root_dense_escapes,hardened,0,123.0087265625,320.5176796875,True
frontend:loads_root_dense_escapes,hardened,0,136.12234375,134.8218046875,True
frontend:dumps_root_latin1,hardened,0,125.27000390625,6.22976953125,True
frontend:loads_root_latin1,hardened,0,133.47084375,160.527890625,True
frontend:dumps_root_bmp,hardened,0,163.00978515625,5.72221484375,True
frontend:loads_root_bmp,hardened,0,130.34511328125,118.10809375,True
frontend:dumps_root_non_bmp,hardened,0,98.2376484375,6.811171875,True
frontend:loads_root_non_bmp,hardened,0,125.303671875,104.2293828125,True
frontend:dumps_root_append_newline,hardened,0,18.83645458984375,5.68770751953125,True
frontend:dumps_root_indent,hardened,0,18.75150244140625,5.68131591796875,True
frontend:loads_escaped_values,hardened,0,74.856421875,42.578150390625,True
frontend:loads_unicode_escapes,hardened,0,204.58784375,55.62501171875,True
frontend:loads_repeated_escaped_keys,hardened,0,172.32665625,111.68611328125,True
frontend:loads_unique_escaped_keys,hardened,0,115.30680859375,49.6194296875,True
numbers:loads_small,hardened,0,0.4907904357910156,0.3537133636474609,True
numbers:loads_medium,hardened,0,378.7611484375,261.1370390625,True
numbers:loads_integers,hardened,0,335.2973203125,234.1528984375,True
numbers:loads_random_small,hardened,0,433.37275,327.671125,True
numbers:loads_wide_signed,hardened,0,634.823984375,473.8333125,True
numbers:loads_wide_unsigned,hardened,0,543.865140625,347.312625,True
numbers:loads_mixed_integers,hardened,0,643.238046875,479.171828125,True
numbers:loads_tiny_integers,hardened,0,0.3089463882446289,0.2736706008911133,True
numbers:loads_scalar_integer,hardened,0,0.1057565040588379,0.1531218032836914,True
numbers:loads_floats,hardened,0,638.18784375,425.2614375,True
numbers:loads_float_bits,hardened,0,1009.06853125,598.337125,True
numbers:loads_overflow_integers,hardened,0,1328.3775,938.19425,True
numbers:loads_long_fractions,hardened,0,1019.367875,590.51478125,True
numbers:loads_zero_forms,hardened,0,0.48933250427246094,0.2988146362304688,True
numbers:dumps_small,hardened,0,0.23664192199707032,0.16103028869628908,True
numbers:dumps_medium,hardened,0,163.37958203125,95.2211640625,True
numbers:dumps_integers,hardened,0,137.30062109375,58.81534375,True
numbers:dumps_random_small,hardened,0,207.97280078125,108.0118671875,True
numbers:dumps_wide_signed,hardened,0,452.703953125,609.18984375,True
numbers:dumps_wide_unsigned,hardened,0,243.613390625,541.96403125,True
numbers:dumps_mixed_integers,hardened,0,322.007890625,583.199375,True
numbers:dumps_tiny_integers,hardened,0,0.1952271842956543,0.1375502815246582,True
numbers:dumps_scalar_integer,hardened,0,0.10875895500183105,0.11279284286499024,True
numbers:dumps_floats,hardened,0,398.139171875,336.5936875,True
numbers:dumps_float_bits,hardened,0,417.5637109375,358.2950859375,True
strings:loads/short_plain/bytes,hardened,0,0.1156312484741211,0.21024481582641602,True
strings:loads/short_plain/bytearray,hardened,0,0.13797932052612305,0.16538563537597656,True
strings:loads/short_plain/memoryview,hardened,0,0.21688207244873048,0.16790375137329103,True
strings:loads/short_plain/array_view,hardened,0,0.21569404220581054,0.1691084976196289,True
strings:dumps/short_plain/object,hardened,0,0.1049866886138916,0.10435039138793946,True
strings:loads/short_escaped/bytes,hardened,0,0.18213030624389648,0.17334843826293944,True
strings:loads/short_escaped/bytearray,hardened,0,0.19962366104125975,0.17744997024536133,True
strings:loads/short_escaped/memoryview,hardened,0,0.2833551940917969,0.17858969116210938,True
strings:loads/short_escaped/array_view,hardened,0,0.2832213363647461,0.17824547576904298,True
strings:dumps/short_escaped/object,hardened,0,0.11850221633911133,0.11742993545532227,True
strings:loads/plain_values/bytes,hardened,0,48.1711708984375,48.4010751953125,True
strings:loads/plain_values/bytearray,hardened,0,49.583548828125,48.4516767578125,True
strings:loads/plain_values/memoryview,hardened,0,49.4280869140625,48.4283720703125,True
strings:loads/plain_values/array_view,hardened,0,49.815974609375,47.9811220703125,True
strings:dumps/plain_values/object,hardened,0,30.93147265625,10.9703486328125,True
strings:loads/escaped_values/bytes,hardened,0,89.023048828125,47.865548828125,True
strings:loads/escaped_values/bytearray,hardened,0,90.10694921875,47.863873046875,True
strings:loads/escaped_values/memoryview,hardened,0,91.32074609375,48.164271484375,True
strings:loads/escaped_values/array_view,hardened,0,90.07908984375,47.867265625,True
strings:dumps/escaped_values/object,hardened,0,44.586724609375,26.2491748046875,True
strings:loads/unicode_escapes/bytes,hardened,0,215.82805859375,60.91708984375,True
strings:loads/unicode_escapes/bytearray,hardened,0,216.07033203125,60.9003203125,True
strings:loads/unicode_escapes/memoryview,hardened,0,216.51748046875,60.250671875,True
strings:loads/unicode_escapes/array_view,hardened,0,216.4235,60.9055078125,True
strings:dumps/unicode_escapes/object,hardened,0,47.7893740234375,8.6735576171875,True
strings:loads/escaped_keys/bytes,hardened,0,439.728015625,223.278078125,True
strings:loads/escaped_keys/bytearray,hardened,0,437.1135,222.820109375,True
strings:loads/escaped_keys/memoryview,hardened,0,437.245984375,222.409625,True
strings:loads/escaped_keys/array_view,hardened,0,434.1730859375,220.8518828125,True
strings:dumps/escaped_keys/object,hardened,0,127.43963671875,63.6611953125,True
strings:loads/unique_keys/bytes,hardened,0,145.845421875,63.5497578125,True
strings:loads/unique_keys/bytearray,hardened,0,137.80928125,63.19574609375,True
strings:loads/unique_keys/memoryview,hardened,0,137.8507890625,63.19463671875,True
strings:loads/unique_keys/array_view,hardened,0,138.27751953125,63.08110546875,True
strings:dumps/unique_keys/object,hardened,0,34.6677783203125,17.9693134765625,True
strings:loads/long_plain/bytes,hardened,0,23.432865234375,78.05621875,True
strings:loads/long_plain/bytearray,hardened,0,27.736783203125,79.694126953125,True
strings:loads/long_plain/memoryview,hardened,0,28.09846484375,77.95971875,True
strings:loads/long_plain/array_view,hardened,0,28.71364453125,79.779287109375,True
strings:dumps/long_plain/object,hardened,0,20.94677001953125,6.120689453125,True
strings:loads/long_escaped/bytes,hardened,0,72.313900390625,88.56980859375,True
strings:loads/long_escaped/bytearray,hardened,0,76.684939453125,89.810669921875,True
strings:loads/long_escaped/memoryview,hardened,0,76.8811796875,87.81177734375,True
strings:loads/long_escaped/array_view,hardened,0,80.595267578125,89.80787890625,True
strings:dumps/long_escaped/object,hardened,0,61.70873046875,79.2379765625,True
strings:loads/late_escape/bytes,hardened,0,28.7476484375,78.743271484375,True
strings:loads/late_escape/bytearray,hardened,0,33.2641328125,81.525345703125,True
strings:loads/late_escape/memoryview,hardened,0,33.54770703125,78.813900390625,True
strings:loads/late_escape/array_view,hardened,0,35.112595703125,89.7976328125,True
strings:dumps/late_escape/object,hardened,0,22.92375732421875,6.2063076171875,True
strings:loads/medium/bytes,hardened,0,439.0920703125,327.894953125,True
strings:loads/medium/bytearray,hardened,0,441.5359609375,326.8086171875,True
strings:loads/medium/memoryview,hardened,0,442.467546875,329.02984375,True
strings:loads/medium/array_view,hardened,0,443.8139453125,329.3435078125,True
strings:dumps/medium/object,hardened,0,186.8166640625,108.29312109375,True
strings:loads/integers/bytes,hardened,0,333.541390625,237.275703125,True
strings:loads/integers/bytearray,hardened,0,337.304546875,236.732671875,True
strings:loads/integers/memoryview,hardened,0,337.936734375,238.6239453125,True
strings:loads/integers/array_view,hardened,0,339.1651171875,236.888046875,True
strings:dumps/integers/object,hardened,0,138.12259375,57.362453125,True
dates:datetime_naive_scalar,hardened,0,0.8796173248291016,0.254806884765625,True
dates:datetime_naive_16,hardened,0,2.138796142578125,0.8014553833007813,True
dates:datetime_naive_1024,hardened,0,59.9318125,39.107837890625,True
dates:datetime_utc_scalar,hardened,0,0.8922832489013672,0.38420610046386716,True
dates:datetime_utc_16,hardened,0,2.311394226074219,2.3722523803710938,True
dates:datetime_utc_1024,hardened,0,65.721140625,145.42756640625,True
dates:datetime_fixed_offset_scalar,hardened,0,0.9697166137695312,0.3960027465820313,True
dates:datetime_fixed_offset_16,hardened,0,3.1599371337890627,2.5536903076171873,True
dates:datetime_fixed_offset_1024,hardened,0,76.5020390625,143.75023046875,True
dates:date_scalar,hardened,0,0.8424989471435547,0.25028836059570314,True
dates:date_16,hardened,0,1.55443017578125,0.6075391845703125,True
dates:date_1024,hardened,0,38.698837890625,24.4393779296875,True
dates:time_scalar,hardened,0,0.8664698791503906,0.2603780364990234,True
dates:time_16,hardened,0,1.99870703125,0.7228091430664062,False
dates:time_1024,hardened,0,55.2391123046875,33.97372265625,False
dates:datetime_naive_1024_zero_microseconds,hardened,0,48.82958984375,31.068689453125,True
dates:datetime_utc_1024_zero_microseconds,hardened,0,52.34074609375,126.1985859375,True
dates:time_1024_zero_microseconds,hardened,0,48.158220703125,27.6260390625,True
dates:datetime_naive_1024_naive_utc,hardened,0,62.65249609375,41.02477734375,True
dates:datetime_naive_1024_omit_microseconds,hardened,0,49.0550810546875,31.1928427734375,True
dates:datetime_naive_1024_utc_z,hardened,0,60.44327734375,39.065955078125,True
dates:datetime_naive_1024_naive_utc_omit_microseconds,hardened,0,48.9793837890625,32.6897548828125,True
dates:datetime_naive_1024_naive_utc_z,hardened,0,59.092912109375,40.32033984375,True
dates:datetime_naive_1024_omit_microseconds_utc_z,hardened,0,48.60169140625,31.33653515625,True
dates:datetime_naive_1024_naive_utc_omit_microseconds_utc_z,hardened,0,48.309298828125,33.05798046875,True
dates:datetime_utc_1024_omit_microseconds,hardened,0,52.29718359375,126.05446484375,True
dates:datetime_utc_1024_utc_z,hardened,0,61.62055078125,135.5565390625,True
dates:datetime_utc_1024_omit_microseconds_utc_z,hardened,0,52.9095546875,125.94894921875,True
dates:time_1024_omit_microseconds,hardened,0,47.762439453125,27.6166025390625,True
dates:date_1024_options,hardened,0,38.076712890625,25.0257578125,True
dates:dates_under_dict,hardened,0,155.20520703125,192.754125,False
dates:dataclass_dates,hardened,0,286.325203125,261.7209609375,True
dates:datetime_passthrough,hardened,0,1173.86878125,807.41959375,True
dates:datetime_subclass,hardened,0,909.33184375,853.592859375,True
dates:datetime_named_zero_offset_1024,hardened,0,68.472046875,136.50396484375,True
dates:datetime_negative_offset_1024,hardened,0,76.53544921875,144.524640625,True
dates:datetime_seconds_offset_1024,hardened,0,77.97975390625,145.68184375,True
dates:uuid_scalar_control,hardened,0,0.9254675903320313,0.3006470947265625,True
dates:uuid_list_control,hardened,0,97.4724140625,55.892125,True
dates:dict_control,hardened,0,0.37946127319335937,0.2811100997924805,True
dates:list_control,hardened,0,12.807656005859375,6.71329443359375,True
dates:string_control,hardened,0,0.21973147964477538,0.22106203079223632,True
dates:dataclass_control,hardened,0,244.274140625,101.856625,True
numpy:datetime_Y_scalar,hardened,0,4.032796997070313,1.2048302001953124,True
numpy:datetime_Y_16,hardened,0,5.005296752929688,2.3900546875,True
numpy:datetime_Y_4096,hardened,0,90.6547890625,291.524015625,True
numpy:datetime_M_scalar,hardened,0,4.018906372070313,1.1969312744140626,True
numpy:datetime_M_16,hardened,0,5.014556396484375,2.4830572509765627,True
numpy:datetime_M_4096,hardened,0,103.9477578125,324.6329375,True
numpy:datetime_D_scalar,hardened,0,3.9886898193359377,1.189953857421875,True
numpy:datetime_D_16,hardened,0,5.07520751953125,2.378240478515625,True
numpy:datetime_D_4096,hardened,0,129.14246875,312.3293125,True
numpy:datetime_s_scalar,hardened,0,4.08139453125,1.2516580810546876,True
numpy:datetime_s_16,hardened,0,4.908494262695313,2.434276123046875,True
numpy:datetime_s_4096,hardened,0,83.1625625,316.53746875,True
numpy:datetime_us_scalar,hardened,0,4.10789208984375,1.240771728515625,True
numpy:datetime_us_16,hardened,0,4.965010864257812,2.543240966796875,True
numpy:datetime_us_4096,hardened,0,88.7834609375,345.9082734375,True
numpy:datetime_ns_scalar,hardened,0,4.1527646484375,1.2481181640625,True
numpy:datetime_ns_16,hardened,0,5.074336791992187,2.539918212890625,True
numpy:datetime_ns_4096,hardened,0,97.52903125,345.7450390625,True
numpy:datetime_us_4096_naive_utc,hardened,0,92.619984375,339.735296875,True
numpy:datetime_us_4096_omit_microseconds,hardened,0,81.77184375,320.16684375,True
numpy:datetime_us_4096_utc_z,hardened,0,88.2612265625,346.7983828125,True
numpy:datetime_us_4096_naive_utc_omit_microseconds,hardened,0,82.94484375,316.7778671875,True
numpy:datetime_us_4096_naive_utc_z,hardened,0,93.726171875,349.7937109375,True
numpy:datetime_us_4096_omit_microseconds_utc_z,hardened,0,81.755375,316.800078125,True
numpy:datetime_us_4096_naive_utc_omit_microseconds_utc_z,hardened,0,82.313296875,321.523,True
numpy:datetime_us_empty,hardened,0,4.160493530273437,1.27213818359375,True
numpy:datetime_us_matrix,hardened,0,87.1125234375,346.7576796875,True
numpy:datetime_us_under_dict,hardened,0,91.131625,342.1736015625,True
public:loads:apache_builds,hardened,0,379.5985189873418,308.32135714285715,True
public:dumps:apache_builds,hardened,0,152.39560606060604,55.87276782449725,True
public:loads:canada,hardened,0,29708.994,12848.757,True
public:dumps:canada,hardened,0,8370.035,4630.621857142857,True
public:loads:citm_catalog,hardened,0,5066.092,3432.3544444444447,True
public:dumps:citm_catalog,hardened,0,1709.2452222222223,750.305,True
public:loads:github_events,hardened,0,155.62324226804125,118.78898828125,True
public:dumps:github_events,hardened,0,62.77393088552916,24.81319500402901,True
public:loads:google_maps_api_response,hardened,0,100.61124422442244,71.00292452830189,True
public:dumps:google_maps_api_response,hardened,0,38.5928997461929,16.37040021691974,True
public:loads:gsoc-2018,hardened,0,4719.0085714285715,20412.752,True
public:dumps:gsoc-2018,hardened,0,2295.9924615384616,962.0304,True
public:loads:instruments,hardened,0,844.5884146341464,503.18615,True
public:dumps:instruments,hardened,0,271.550954954955,106.91419011406843,True
public:loads:marine_ik,hardened,0,34096.81,56518.042,True
public:dumps:marine_ik,hardened,0,9662.38125,6218.593,True
public:loads:mesh,hardened,0,3721.013,2756.4215833333333,True
public:dumps:mesh,hardened,0,2153.4491333333335,1619.0162631578949,True
public:loads:numbers,hardened,0,579.357433962264,427.93205797101444,True
public:dumps:numbers,hardened,0,420.4854285714286,367.7345609756098,True
public:loads:random,hardened,0,3536.599888888889,2342.4104615384613,True
public:dumps:random,hardened,0,1268.2097083333333,440.38676470588234,True
public:loads:semanticscholar-corpus,hardened,0,72814.937,109012.283,True
public:dumps:semanticscholar-corpus,hardened,0,13522.665,4920.502666666667,True
public:loads:tree-pretty,hardened,0,114.48835606060607,73.2274776119403,True
public:dumps:tree-pretty,hardened,0,44.53308792846498,17.83822090962788,True
public:loads:twitter,hardened,0,2394.52,1402.447818181818,True
public:dumps:twitter,hardened,0,883.9619142857143,301.7237920792079,True
public:loads:twitterescaped,hardened,0,2369.8076923076924,1472.455857142857,True
public:dumps:twitterescaped,hardened,0,882.4432352941176,307.71513265306123,True
public:loads:update-center,hardened,0,2182.2394285714286,2027.548,True
public:dumps:update-center,hardened,0,1084.9842857142858,403.7784533333333,True
public:loads:poet,hardened,0,9756.60725,23193.3155,True
public:dumps:poet,hardened,0,6860.9406,1223.7808799999998,True
public:loads:otfcc,hardened,0,2327083.9,3805670.129,True
public:dumps:otfcc,hardened,0,890662.119,404628.864,True
output:small,pr8,1,0.49337254333496094,0.3357643280029297,True
output:medium,pr8,1,199.032859375,111.0610625,True
output:integers,pr8,1,135.13252734375,57.57803515625,True
output:floats,pr8,1,396.0756640625,335.06771875,True
output:strings,pr8,1,31.644419921875,10.990427734375,True
output:escaped,pr8,1,137.89698828125,48.91948046875,True
output:long_string,pr8,1,18.5184052734375,6.155400390625,True
output:integers_wide_signed,pr8,1,308.664421875,583.70003125,True
output:integers_wide_unsigned,pr8,1,238.736671875,530.356546875,True
output:scalar_integer,pr8,1,0.21144175338745116,0.22213375854492187,True
output:integers_tiny,pr8,1,0.3079264297485352,0.25258540344238284,True
output:indent_integers,pr8,1,170.9841640625,100.22709765625,True
output:strict_integers,pr8,1,137.7412109375,57.35219140625,True
output:sorted_medium,pr8,1,293.011515625,164.09890625,True
output:integer_keys,pr8,1,49.9119404296875,45.1319365234375,True
output:dataclasses,pr8,1,230.07164453125,96.7571015625,True
output:dataclass_single,pr8,1,1.217674560546875,0.34205963134765627,True
output:dataclass_slots_single,pr8,1,2.0680228271484373,0.8320513305664062,True
output:dataclass_slots,pr8,1,968.986578125,546.545625,True
output:dataclass_nested,pr8,1,626.459796875,249.514859375,True
output:dataclass_indent,pr8,1,256.04759375,120.2908515625,True
output:dataclass_sorted,pr8,1,695.9169375,288.539140625,True
output:dataclass_default,pr8,1,352.226046875,181.61275,True
output:numpy_int64,pr8,1,1435.614,1850.303875,True
output:numpy_float32,pr8,1,3366.0495,3972.716,True
output:late_default,pr8,1,13.1958896484375,3.353833984375,True
output:dataclass_fields8,pr8,1,479.68821875,199.575578125,True
output:dataclass_fields16,pr8,1,877.970515625,356.490234375,True
frontend:loads_small,pr8,1,0.8724322662353515,0.7479837951660157,True
frontend:loads_small_bytearray,pr8,1,0.8948926696777344,0.7460940093994141,True
frontend:loads_small_memoryview,pr8,1,0.9804387512207031,0.7446963806152344,True
frontend:loads_small_array_view,pr8,1,0.975760498046875,0.7503600769042968,True
frontend:loads_medium,pr8,1,425.0521875,323.558421875,True
frontend:loads_medium_bytearray,pr8,1,429.0276171875,326.41346875,True
frontend:loads_medium_memoryview,pr8,1,423.5225546875,324.868734375,True
frontend:loads_medium_array_view,pr8,1,431.0967890625,328.9597890625,True
frontend:loads_integers,pr8,1,334.003859375,237.184265625,True
frontend:loads_integers_bytearray,pr8,1,327.81828125,234.953125,True
frontend:loads_integers_memoryview,pr8,1,332.310140625,233.1298125,True
frontend:loads_integers_array_view,pr8,1,326.0958984375,231.2201484375,True
frontend:loads_floats,pr8,1,633.715671875,431.087171875,True
frontend:loads_floats_bytearray,pr8,1,638.837640625,436.413578125,True
frontend:loads_floats_memoryview,pr8,1,671.981171875,455.923578125,True
frontend:loads_floats_array_view,pr8,1,645.069640625,430.240484375,True
frontend:loads_strings,pr8,1,51.50719921875,47.8785498046875,True
frontend:loads_strings_bytearray,pr8,1,53.9325283203125,47.9672509765625,True
frontend:loads_strings_memoryview,pr8,1,53.1400947265625,48.3055791015625,True
frontend:loads_strings_array_view,pr8,1,53.538048828125,48.6826748046875,True
frontend:loads_escaped,pr8,1,337.740921875,180.450203125,True
frontend:loads_escaped_bytearray,pr8,1,338.9008125,180.7629765625,True
frontend:loads_escaped_memoryview,pr8,1,339.4655234375,180.814953125,True
frontend:loads_escaped_array_view,pr8,1,341.48590625,183.279078125,True
frontend:loads_long_string,pr8,1,24.9776484375,77.05784375,True
frontend:loads_long_string_bytearray,pr8,1,29.517794921875,78.78005859375,True
frontend:loads_long_string_memoryview,pr8,1,29.049470703125,77.699466796875,True
frontend:loads_long_string_array_view,pr8,1,29.219681640625,80.0790546875,True
frontend:dumps_root_empty,pr8,1,0.1862419204711914,0.2072375717163086,True
frontend:loads_root_empty,pr8,1,0.1850044288635254,0.12722317886352538,True
frontend:dumps_root_tiny,pr8,1,0.20458897399902343,0.21010791778564453,True
frontend:loads_root_tiny,pr8,1,0.22085384368896485,0.2766847152709961,True
frontend:dumps_root_below_threshold,pr8,1,0.36683323669433593,0.34650517272949216,True
frontend:loads_root_below_threshold,pr8,1,0.27147440338134765,0.3932841949462891,True
frontend:dumps_root_at_threshold,pr8,1,0.22055461120605468,0.351526237487793,True
frontend:loads_root_at_threshold,pr8,1,0.2644986190795898,0.39963677978515627,True
frontend:dumps_root_medium,pr8,1,0.6736892700195313,0.49278334045410155,True
frontend:loads_root_medium,pr8,1,0.9438180541992187,2.3362282104492187,True
frontend:dumps_root_long,pr8,1,16.9750673828125,5.7357939453125,True
frontend:loads_root_long,pr8,1,22.737376953125,71.0746953125,True
frontend:dumps_root_early_quote,pr8,1,18.30448583984375,5.68121923828125,True
frontend:loads_root_early_quote,pr8,1,26.9510390625,84.832400390625,True
frontend:dumps_root_late_quote,pr8,1,18.84819189453125,5.659822265625,True
frontend:loads_root_late_quote,pr8,1,26.816130859375,70.18199609375,True
frontend:dumps_root_dense_escapes,pr8,1,97.8782109375,320.3186328125,True
frontend:loads_root_dense_escapes,pr8,1,144.0356875,134.20141015625,True
frontend:dumps_root_latin1,pr8,1,122.6727109375,5.72862109375,True
frontend:loads_root_latin1,pr8,1,133.85123046875,131.36037890625,True
frontend:dumps_root_bmp,pr8,1,126.50309765625,6.27818359375,True
frontend:loads_root_bmp,pr8,1,129.76511328125,116.113671875,True
frontend:dumps_root_non_bmp,pr8,1,110.341736328125,5.799185546875,True
frontend:loads_root_non_bmp,pr8,1,123.516328125,103.52263671875,True
frontend:dumps_root_append_newline,pr8,1,17.05811474609375,5.78811279296875,True
frontend:dumps_root_indent,pr8,1,17.03256103515625,5.77144677734375,True
frontend:loads_escaped_values,pr8,1,74.514619140625,43.84012109375,True
frontend:loads_unicode_escapes,pr8,1,202.83854296875,54.45256640625,True
frontend:loads_repeated_escaped_keys,pr8,1,159.31975390625,113.161078125,True
frontend:loads_unique_escaped_keys,pr8,1,108.905556640625,49.9405234375,True
numbers:loads_small,pr8,1,0.49871784973144534,0.3739401550292969,True
numbers:loads_medium,pr8,1,372.725109375,268.561625,True
numbers:loads_integers,pr8,1,322.6496171875,232.5056171875,True
numbers:loads_random_small,pr8,1,420.0545625,328.1285234375,True
numbers:loads_wide_signed,pr8,1,593.848984375,474.518921875,True
numbers:loads_wide_unsigned,pr8,1,505.902890625,348.319609375,True
numbers:loads_mixed_integers,pr8,1,611.4253125,480.8584375,True
numbers:loads_tiny_integers,pr8,1,0.2887339630126953,0.27500798797607423,True
numbers:loads_scalar_integer,pr8,1,0.10104786682128906,0.1502816047668457,True
numbers:loads_floats,pr8,1,625.253515625,429.053859375,True
numbers:loads_float_bits,pr8,1,979.79890625,599.9508125,True
numbers:loads_overflow_integers,pr8,1,1295.0499375,905.9580625,True
numbers:loads_long_fractions,pr8,1,1034.83978125,580.7949375,True
numbers:loads_zero_forms,pr8,1,0.48182876586914064,0.30090415954589844,True
numbers:dumps_small,pr8,1,0.22746717834472657,0.1362922897338867,True
numbers:dumps_medium,pr8,1,177.42887109375,95.59169140625,True
numbers:dumps_integers,pr8,1,135.86905078125,58.17423828125,True
numbers:dumps_random_small,pr8,1,210.56434375,104.5578046875,True
numbers:dumps_wide_signed,pr8,1,315.132515625,591.070578125,True
numbers:dumps_wide_unsigned,pr8,1,245.709359375,535.13003125,True
numbers:dumps_mixed_integers,pr8,1,332.6403125,584.8765625,True
numbers:dumps_tiny_integers,pr8,1,0.18387761306762695,0.13720134353637695,True
numbers:dumps_scalar_integer,pr8,1,0.10433754730224609,0.11105447387695312,True
numbers:dumps_floats,pr8,1,407.909265625,344.813703125,True
numbers:dumps_float_bits,pr8,1,418.708171875,355.697,True
strings:loads/short_plain/bytes,pr8,1,0.11866271209716797,0.16481984329223634,True
strings:loads/short_plain/bytearray,pr8,1,0.13889280319213868,0.1656206169128418,True
strings:loads/short_plain/memoryview,pr8,1,0.2132448272705078,0.16887301635742188,True
strings:loads/short_plain/array_view,pr8,1,0.21443069458007813,0.17939351272583007,True
strings:dumps/short_plain/object,pr8,1,0.09991093826293945,0.10375579833984375,True
strings:loads/short_escaped/bytes,pr8,1,0.1901703987121582,0.1719998245239258,True
strings:loads/short_escaped/bytearray,pr8,1,0.20635692977905273,0.17436178970336913,True
strings:loads/short_escaped/memoryview,pr8,1,0.29159790802001956,0.1758454895019531,True
strings:loads/short_escaped/array_view,pr8,1,0.29132442474365233,0.17581399536132813,True
strings:dumps/short_escaped/object,pr8,1,0.11210677337646484,0.11736282730102539,True
strings:loads/plain_values/bytes,pr8,1,51.0370615234375,47.759525390625,True
strings:loads/plain_values/bytearray,pr8,1,53.412166015625,47.9202509765625,True
strings:loads/plain_values/memoryview,pr8,1,52.551765625,47.7966728515625,True
strings:loads/plain_values/array_view,pr8,1,52.959029296875,47.716107421875,True
strings:dumps/plain_values/object,pr8,1,31.80016796875,11.0166357421875,True
strings:loads/escaped_values/bytes,pr8,1,89.982841796875,48.2663125,True
strings:loads/escaped_values/bytearray,pr8,1,89.571685546875,48.075140625,True
strings:loads/escaped_values/memoryview,pr8,1,91.13824609375,48.040318359375,True
strings:loads/escaped_values/array_view,pr8,1,89.528828125,47.916046875,True
strings:dumps/escaped_values/object,pr8,1,45.2807666015625,27.465455078125,True
strings:loads/unicode_escapes/bytes,pr8,1,210.44773046875,60.2052421875,True
strings:loads/unicode_escapes/bytearray,pr8,1,210.8219921875,60.116671875,True
strings:loads/unicode_escapes/memoryview,pr8,1,211.7790234375,60.1539921875,True
strings:loads/unicode_escapes/array_view,pr8,1,211.2804609375,59.9538828125,True
strings:dumps/unicode_escapes/object,pr8,1,48.755642578125,8.618658203125,True
strings:loads/escaped_keys/bytes,pr8,1,437.9046875,225.220078125,True
strings:loads/escaped_keys/bytearray,pr8,1,438.6805,223.101296875,True
strings:loads/escaped_keys/memoryview,pr8,1,436.3124453125,223.079671875,True
strings:loads/escaped_keys/array_view,pr8,1,434.059546875,223.24328125,True
strings:dumps/escaped_keys/object,pr8,1,127.8226640625,76.8021796875,True
strings:loads/unique_keys/bytes,pr8,1,134.60212109375,63.732828125,True
strings:loads/unique_keys/bytearray,pr8,1,134.840140625,63.04442578125,True
strings:loads/unique_keys/memoryview,pr8,1,135.49639453125,63.06625390625,True
strings:loads/unique_keys/array_view,pr8,1,139.7567578125,63.2124140625,True
strings:dumps/unique_keys/object,pr8,1,34.81633984375,18.537765625,True
strings:loads/long_plain/bytes,pr8,1,25.847009765625,78.175900390625,True
strings:loads/long_plain/bytearray,pr8,1,29.5620390625,79.61821875,True
strings:loads/long_plain/memoryview,pr8,1,29.3997578125,77.875369140625,True
strings:loads/long_plain/array_view,pr8,1,29.97103515625,79.75796875,True
strings:dumps/long_plain/object,pr8,1,18.906763671875,6.116970703125,True
strings:loads/long_escaped/bytes,pr8,1,82.1195,88.50033984375,True
strings:loads/long_escaped/bytearray,pr8,1,86.366798828125,89.599322265625,True
strings:loads/long_escaped/memoryview,pr8,1,86.278681640625,87.6987734375,True
strings:loads/long_escaped/array_view,pr8,1,87.02819921875,89.492537109375,True
strings:dumps/long_escaped/object,pr8,1,63.229861328125,78.99082421875,True
strings:loads/late_escape/bytes,pr8,1,30.746751953125,78.594916015625,True
strings:loads/late_escape/bytearray,pr8,1,35.5888671875,80.303884765625,True
strings:loads/late_escape/memoryview,pr8,1,34.42604296875,77.836171875,True
strings:loads/late_escape/array_view,pr8,1,35.25618359375,79.77020703125,True
strings:dumps/late_escape/object,pr8,1,20.83733935546875,6.14684375,True
strings:loads/medium/bytes,pr8,1,423.100015625,326.0945625,True
strings:loads/medium/bytearray,pr8,1,426.2690546875,322.9613203125,True
strings:loads/medium/memoryview,pr8,1,425.84225,323.9958828125,True
strings:loads/medium/array_view,pr8,1,429.847296875,324.1329609375,True
strings:dumps/medium/object,pr8,1,192.84104296875,111.97516796875,True
strings:loads/integers/bytes,pr8,1,327.574984375,236.637890625,True
strings:loads/integers/bytearray,pr8,1,326.042421875,236.9326484375,True
strings:loads/integers/memoryview,pr8,1,327.2749140625,235.6154296875,True
strings:loads/integers/array_view,pr8,1,334.5579296875,240.8906953125,True
strings:dumps/integers/object,pr8,1,135.16565625,57.93421875,True
dates:datetime_naive_scalar,pr8,1,0.8764183502197266,0.26032003784179686,True
dates:datetime_naive_16,pr8,1,2.132514221191406,0.8204640502929688,True
dates:datetime_naive_1024,pr8,1,60.10047265625,38.5891875,True
dates:datetime_utc_scalar,pr8,1,0.9070764770507812,0.40234024047851563,True
dates:datetime_utc_16,pr8,1,2.299735107421875,2.389594055175781,True
dates:datetime_utc_1024,pr8,1,66.3565859375,139.41668359375,True
dates:datetime_fixed_offset_scalar,pr8,1,0.9451670532226563,0.4057600402832031,True
dates:datetime_fixed_offset_16,pr8,1,3.0282899169921875,2.4679140014648437,True
dates:datetime_fixed_offset_1024,pr8,1,75.40348046875,145.21526953125,True
dates:date_scalar,pr8,1,0.8382263488769531,0.2500413360595703,True
dates:date_16,pr8,1,1.5515951538085937,0.6035907897949219,True
dates:date_1024,pr8,1,38.2320869140625,24.4449716796875,True
dates:time_scalar,pr8,1,0.8632445831298828,0.25797137451171875,True
dates:time_16,pr8,1,2.012831726074219,0.7164620361328125,False
dates:time_1024,pr8,1,57.2185595703125,34.0275263671875,False
dates:datetime_naive_1024_zero_microseconds,pr8,1,49.80961328125,30.6406103515625,True
dates:datetime_utc_1024_zero_microseconds,pr8,1,53.41406640625,127.22159375,True
dates:time_1024_zero_microseconds,pr8,1,48.3550302734375,27.7921298828125,True
dates:datetime_naive_1024_naive_utc,pr8,1,64.687302734375,41.046298828125,True
dates:datetime_naive_1024_omit_microseconds,pr8,1,49.798390625,31.372951171875,True
dates:datetime_naive_1024_utc_z,pr8,1,61.1541328125,38.999951171875,True
dates:datetime_naive_1024_naive_utc_omit_microseconds,pr8,1,50.9607451171875,32.2679091796875,True
dates:datetime_naive_1024_naive_utc_z,pr8,1,59.7104921875,40.17866015625,True
dates:datetime_naive_1024_omit_microseconds_utc_z,pr8,1,49.635361328125,30.8910068359375,True
dates:datetime_naive_1024_naive_utc_omit_microseconds_utc_z,pr8,1,50.325099609375,32.4904208984375,True
dates:datetime_utc_1024_omit_microseconds,pr8,1,53.13030078125,126.2743125,True
dates:datetime_utc_1024_utc_z,pr8,1,62.499734375,136.275140625,True
dates:datetime_utc_1024_omit_microseconds_utc_z,pr8,1,51.998453125,128.181390625,True
dates:time_1024_omit_microseconds,pr8,1,49.0549921875,28.1254609375,True
dates:date_1024_options,pr8,1,38.517185546875,24.9655126953125,True
dates:dates_under_dict,pr8,1,158.945,198.56480078125,False
dates:dataclass_dates,pr8,1,283.1732109375,255.0038046875,True
dates:datetime_passthrough,pr8,1,1171.40534375,792.5419375,True
dates:datetime_subclass,pr8,1,895.456125,840.43115625,True
dates:datetime_named_zero_offset_1024,pr8,1,68.1900234375,139.3664765625,True
dates:datetime_negative_offset_1024,pr8,1,75.80408984375,146.17291015625,True
dates:datetime_seconds_offset_1024,pr8,1,81.67235546875,146.35398046875,True
dates:uuid_scalar_control,pr8,1,0.9057135009765624,0.2949988250732422,True
dates:uuid_list_control,pr8,1,97.98298828125,54.8538359375,True
dates:dict_control,pr8,1,0.3631277389526367,0.2831411895751953,True
dates:list_control,pr8,1,12.996757080078124,6.214194580078125,True
dates:string_control,pr8,1,0.21775144958496093,0.22293787384033203,True
dates:dataclass_control,pr8,1,243.06390625,100.6874140625,True
numpy:datetime_Y_scalar,pr8,1,3.9121929931640627,1.200495361328125,True
numpy:datetime_Y_16,pr8,1,4.828920288085937,2.4021409912109375,True
numpy:datetime_Y_4096,pr8,1,93.3568671875,300.0325625,True
numpy:datetime_M_scalar,pr8,1,4.023129272460937,1.215059326171875,True
numpy:datetime_M_16,pr8,1,4.93785888671875,2.5202205810546876,True
numpy:datetime_M_4096,pr8,1,103.3179453125,322.668484375,True
numpy:datetime_D_scalar,pr8,1,3.8925087890625,1.2185020751953124,True
numpy:datetime_D_16,pr8,1,5.007877807617188,2.4054749755859377,True
numpy:datetime_D_4096,pr8,1,126.68490625,305.95584375,True
numpy:datetime_s_scalar,pr8,1,3.9128184814453126,1.1999417724609376,True
numpy:datetime_s_16,pr8,1,4.855800537109375,2.462414306640625,True
numpy:datetime_s_4096,pr8,1,84.8248828125,311.6297890625,True
numpy:datetime_us_scalar,pr8,1,4.083220458984375,1.2805301513671874,True
numpy:datetime_us_16,pr8,1,4.886249267578125,2.55564990234375,True
numpy:datetime_us_4096,pr8,1,88.4566015625,349.0237578125,True
numpy:datetime_ns_scalar,pr8,1,4.19698974609375,1.2657901611328124,True
numpy:datetime_ns_16,pr8,1,4.86630419921875,2.533448974609375,True
numpy:datetime_ns_4096,pr8,1,95.9534921875,343.300921875,True
numpy:datetime_us_4096_naive_utc,pr8,1,90.7667109375,338.5924921875,True
numpy:datetime_us_4096_omit_microseconds,pr8,1,83.1990859375,312.9950390625,True
numpy:datetime_us_4096_utc_z,pr8,1,86.6848828125,342.795609375,True
numpy:datetime_us_4096_naive_utc_omit_microseconds,pr8,1,82.9692734375,310.650859375,True
numpy:datetime_us_4096_naive_utc_z,pr8,1,88.926640625,347.300765625,True
numpy:datetime_us_4096_omit_microseconds_utc_z,pr8,1,82.2701875,313.0896015625,True
numpy:datetime_us_4096_naive_utc_omit_microseconds_utc_z,pr8,1,83.7393046875,322.4806796875,True
numpy:datetime_us_empty,pr8,1,4.050019409179687,1.2890712890625,True
numpy:datetime_us_matrix,pr8,1,89.5887890625,357.3732734375,True
numpy:datetime_us_under_dict,pr8,1,91.9877578125,350.527890625,True
public:loads:apache_builds,pr8,1,368.36930666666666,307.8559285714286,True
public:dumps:apache_builds,pr8,1,151.95747422680412,56.95162990654205,True
public:loads:canada,pr8,1,20138.891,22096.773,True
public:dumps:canada,pr8,1,8437.59675,4702.291142857142,True
public:loads:citm_catalog,pr8,1,4939.1041428571425,3547.3716666666664,True
public:dumps:citm_catalog,pr8,1,1809.235470588235,751.6540975609756,True
public:loads:github_events,pr8,1,152.04563775510204,117.19922983870968,True
public:dumps:github_events,pr8,1,63.89163256784969,25.230400159108992,True
public:loads:google_maps_api_response,pr8,1,95.95100628930818,72.09843406593407,True
public:dumps:google_maps_api_response,pr8,1,38.9237037037037,15.920859788359788,True
public:loads:gsoc-2018,pr8,1,4942.503,19365.142,True
public:dumps:gsoc-2018,pr8,1,2697.774923076923,1067.2471,True
public:loads:instruments,pr8,1,721.150090909091,519.4976166666667,True
public:dumps:instruments,pr8,1,276.4007168141593,109.46660777385159,True
public:loads:marine_ik,pr8,1,28987.643,59002.659,True
public:dumps:marine_ik,pr8,1,10015.131333333335,6239.008400000001,True
public:loads:mesh,pr8,1,3626.6084444444446,2767.0731666666666,True
public:dumps:mesh,pr8,1,2203.740357142857,1654.9291578947368,True
public:loads:numbers,pr8,1,576.4724716981133,448.72795588235294,True
public:dumps:numbers,pr8,1,420.5177042253521,365.6936913580247,True
public:loads:random,pr8,1,3553.704222222222,2346.5894615384614,True
public:dumps:random,pr8,1,1270.7201666666667,431.6651690140845,True
public:loads:semanticscholar-corpus,pr8,1,71113.174,125078.382,True
public:dumps:semanticscholar-corpus,pr8,1,13227.053333333333,4782.176571428572,True
public:loads:tree-pretty,pr8,1,117.40203813559322,74.26825672371638,True
public:dumps:tree-pretty,pr8,1,45.16083111111111,17.98826945754717,True
public:loads:twitter,pr8,1,2409.5993846153847,1439.0740476190476,True
public:dumps:twitter,pr8,1,887.1348529411765,306.0104285714286,True
public:loads:twitterescaped,pr8,1,2370.967153846154,1505.7148095238094,True
public:dumps:twitterescaped,pr8,1,882.3501764705882,312.3512680412371,True
public:loads:update-center,pr8,1,2213.593428571429,2074.9966,True
public:dumps:update-center,pr8,1,1068.39904,417.9106666666667,True
public:loads:poet,pr8,1,9541.693,6444.9944000000005,True
public:dumps:poet,pr8,1,6732.0742,1163.9790370370372,True
public:loads:otfcc,pr8,1,2270848.35,3837917.253,True
public:dumps:otfcc,pr8,1,866271.403,397972.486,True
output:small,hardened,1,0.49645925903320315,0.3380606384277344,True
output:medium,hardened,1,196.019328125,106.933734375,True
output:integers,hardened,1,135.29934765625,57.64629296875,True
output:floats,hardened,1,393.61753125,337.3055625,True
output:strings,hardened,1,32.71185546875,10.6920595703125,True
output:escaped,hardened,1,135.5415625,45.3319453125,True
output:long_string,hardened,1,20.37664990234375,6.121470703125,True
output:integers_wide_signed,hardened,1,304.3145,586.54596875,True
output:integers_wide_unsigned,hardened,1,237.8576875,536.7193125,True
output:scalar_integer,hardened,1,0.21801922607421875,0.2286733856201172,True
output:integers_tiny,hardened,1,0.3129073028564453,0.2611104507446289,True
output:indent_integers,hardened,1,172.04103515625,97.04830078125,True
output:strict_integers,hardened,1,140.62439453125,58.29551953125,True
output:sorted_medium,hardened,1,294.9838125,161.004515625,True
output:integer_keys,hardened,1,50.3550859375,49.51790625,True
output:dataclasses,hardened,1,232.66766796875,94.92067578125,True
output:dataclass_single,hardened,1,1.3332966918945313,0.3455154724121094,True
output:dataclass_slots_single,hardened,1,2.0536731567382813,0.8069381713867188,True
output:dataclass_slots,hardened,1,980.3586875,541.58978125,True
output:dataclass_nested,hardened,1,602.73184375,244.039203125,True
output:dataclass_indent,hardened,1,250.4886953125,117.8826015625,True
output:dataclass_sorted,hardened,1,658.6288125,277.65046875,True
output:dataclass_default,hardened,1,333.214625,169.023765625,True
output:numpy_int64,hardened,1,1389.6399375,1798.816875,True
output:numpy_float32,hardened,1,3363.30175,4029.922125,True
output:late_default,hardened,1,12.703098876953124,2.97997314453125,True
output:dataclass_fields8,hardened,1,467.287953125,201.163484375,True
output:dataclass_fields16,hardened,1,889.08090625,357.8769375,True
frontend:loads_small,hardened,1,0.9069640655517578,0.7499595947265625,True
frontend:loads_small_bytearray,hardened,1,0.935710205078125,0.7533011779785156,True
frontend:loads_small_memoryview,hardened,1,1.0214876403808595,0.7680868225097657,True
frontend:loads_small_array_view,hardened,1,1.02884912109375,0.7644803161621094,True
frontend:loads_medium,hardened,1,444.561078125,335.133046875,True
frontend:loads_medium_bytearray,hardened,1,448.5201953125,333.65896875,True
frontend:loads_medium_memoryview,hardened,1,441.6098671875,336.425296875,True
frontend:loads_medium_array_view,hardened,1,444.4658984375,322.9853125,True
frontend:loads_integers,hardened,1,338.2449296875,236.3398125,True
frontend:loads_integers_bytearray,hardened,1,338.2822578125,237.500265625,True
frontend:loads_integers_memoryview,hardened,1,339.3170703125,235.4387109375,True
frontend:loads_integers_array_view,hardened,1,342.5943671875,240.218640625,True
frontend:loads_floats,hardened,1,642.924265625,436.004609375,True
frontend:loads_floats_bytearray,hardened,1,646.80121875,426.60509375,True
frontend:loads_floats_memoryview,hardened,1,644.04046875,429.190078125,True
frontend:loads_floats_array_view,hardened,1,639.109546875,428.202984375,True
frontend:loads_strings,hardened,1,53.146431640625,58.5630205078125,True
frontend:loads_strings_bytearray,hardened,1,51.1520478515625,48.7479716796875,True
frontend:loads_strings_memoryview,hardened,1,51.3214853515625,47.8992353515625,True
frontend:loads_strings_array_view,hardened,1,50.0750869140625,48.5607783203125,True
frontend:loads_escaped,hardened,1,352.5755,184.5732734375,True
frontend:loads_escaped_bytearray,hardened,1,352.0910078125,188.9149296875,True
frontend:loads_escaped_memoryview,hardened,1,351.5430625,179.9618203125,True
frontend:loads_escaped_array_view,hardened,1,354.64496875,190.369765625,True
frontend:loads_long_string,hardened,1,23.486646484375,78.45569140625,True
frontend:loads_long_string_bytearray,hardened,1,28.0446484375,78.93528125,True
frontend:loads_long_string_memoryview,hardened,1,28.291599609375,78.402478515625,True
frontend:loads_long_string_array_view,hardened,1,27.672392578125,76.589677734375,True
frontend:dumps_root_empty,hardened,1,0.1956297073364258,0.21086605834960936,True
frontend:loads_root_empty,hardened,1,0.18483905029296874,0.12647330474853516,True
frontend:dumps_root_tiny,hardened,1,0.21116839981079102,0.21054667282104492,True
frontend:loads_root_tiny,hardened,1,0.22168737030029298,0.2789385528564453,True
frontend:dumps_root_below_threshold,hardened,1,0.3514707717895508,0.33949127197265627,True
frontend:loads_root_below_threshold,hardened,1,0.25538082122802735,0.3926936798095703,True
frontend:dumps_root_at_threshold,hardened,1,0.20639448547363282,0.35132168579101564,True
frontend:loads_root_at_threshold,hardened,1,0.25370494842529295,0.3844888229370117,True
frontend:dumps_root_medium,hardened,1,0.6912490234375,0.4824337921142578,True
frontend:loads_root_medium,hardened,1,0.8969017333984375,2.27596240234375,True
frontend:dumps_root_long,hardened,1,18.5406240234375,5.58483642578125,True
frontend:loads_root_long,hardened,1,21.2908046875,71.139958984375,True
frontend:dumps_root_early_quote,hardened,1,20.0004091796875,5.67675244140625,True
frontend:loads_root_early_quote,hardened,1,25.475626953125,85.70981640625,True
frontend:dumps_root_late_quote,hardened,1,20.28448388671875,5.5988125,True
frontend:loads_root_late_quote,hardened,1,25.710255859375,71.530044921875,True
frontend:dumps_root_dense_escapes,hardened,1,123.9919375,321.6408203125,True
frontend:loads_root_dense_escapes,hardened,1,135.5586484375,136.2821328125,True
frontend:dumps_root_latin1,hardened,1,125.6336953125,6.20237109375,True
frontend:loads_root_latin1,hardened,1,132.65334375,131.0172421875,True
frontend:dumps_root_bmp,hardened,1,159.89194921875,5.707734375,True
frontend:loads_root_bmp,hardened,1,129.31080078125,115.28602734375,True
frontend:dumps_root_non_bmp,hardened,1,97.989986328125,6.4434609375,True
frontend:loads_root_non_bmp,hardened,1,124.42478125,104.02823828125,True
frontend:dumps_root_append_newline,hardened,1,18.695146484375,5.67815185546875,True
frontend:dumps_root_indent,hardened,1,18.7003408203125,5.6777001953125,True
frontend:loads_escaped_values,hardened,1,74.351341796875,43.127916015625,True
frontend:loads_unicode_escapes,hardened,1,204.44883203125,55.4584375,True
frontend:loads_repeated_escaped_keys,hardened,1,176.74008203125,112.54480078125,True
frontend:loads_unique_escaped_keys,hardened,1,118.847849609375,50.320802734375,True
numbers:loads_small,hardened,1,0.4892595977783203,0.3578065490722656,True
numbers:loads_medium,hardened,1,408.97,262.7079140625,True
numbers:loads_integers,hardened,1,340.558171875,234.9323359375,True
numbers:loads_random_small,hardened,1,451.526015625,328.54209375,True
numbers:loads_wide_signed,hardened,1,640.039953125,485.513796875,True
numbers:loads_wide_unsigned,hardened,1,545.55546875,354.78603125,True
numbers:loads_mixed_integers,hardened,1,661.749578125,489.73146875,True
numbers:loads_tiny_integers,hardened,1,0.29707899475097654,0.2753381500244141,True
numbers:loads_scalar_integer,hardened,1,0.104949462890625,0.14959838104248047,True
numbers:loads_floats,hardened,1,637.40196875,437.388796875,True
numbers:loads_float_bits,hardened,1,989.42940625,591.815125,True
numbers:loads_overflow_integers,hardened,1,1318.64996875,905.13265625,True
numbers:loads_long_fractions,hardened,1,1002.3835,578.7024375,True
numbers:loads_zero_forms,hardened,1,0.4948866729736328,0.30189369201660154,True
numbers:dumps_small,hardened,1,0.2502638168334961,0.17182144165039062,True
numbers:dumps_medium,hardened,1,165.17478515625,98.7686015625,True
numbers:dumps_integers,hardened,1,138.07377734375,57.87745703125,True
numbers:dumps_random_small,hardened,1,210.46266796875,105.35403125,True
numbers:dumps_wide_signed,hardened,1,311.683875,587.24140625,True
numbers:dumps_wide_unsigned,hardened,1,239.5393125,534.974109375,True
numbers:dumps_mixed_integers,hardened,1,322.829921875,578.681,True
numbers:dumps_tiny_integers,hardened,1,0.2402375373840332,0.14298268890380858,True
numbers:dumps_scalar_integer,hardened,1,0.10507438278198242,0.11081834793090821,True
numbers:dumps_floats,hardened,1,400.4313046875,345.9303203125,True
numbers:dumps_float_bits,hardened,1,417.2566484375,360.2957421875,True
strings:loads/short_plain/bytes,hardened,1,0.11538132476806641,0.16095943069458007,True
strings:loads/short_plain/bytearray,hardened,1,0.1379221305847168,0.16498530197143554,True
strings:loads/short_plain/memoryview,hardened,1,0.2103538360595703,0.16540507507324217,True
strings:loads/short_plain/array_view,hardened,1,0.21070148086547852,0.16752327346801757,True
strings:dumps/short_plain/object,hardened,1,0.10699708366394042,0.1040620460510254,True
strings:loads/short_escaped/bytes,hardened,1,0.1855909996032715,0.17167945861816405,True
strings:loads/short_escaped/bytearray,hardened,1,0.2006442527770996,0.17668382263183594,True
strings:loads/short_escaped/memoryview,hardened,1,0.2836954727172852,0.17642839813232422,True
strings:loads/short_escaped/array_view,hardened,1,0.28492877197265626,0.1778270034790039,True
strings:dumps/short_escaped/object,hardened,1,0.11835583877563477,0.11679331588745118,True
strings:loads/plain_values/bytes,hardened,1,47.6395263671875,49.23377734375,True
strings:loads/plain_values/bytearray,hardened,1,49.1710859375,48.8965595703125,True
strings:loads/plain_values/memoryview,hardened,1,49.662263671875,49.526388671875,True
strings:loads/plain_values/array_view,hardened,1,48.954328125,48.231640625,True
strings:dumps/plain_values/object,hardened,1,30.8528349609375,10.8384765625,True
strings:loads/escaped_values/bytes,hardened,1,88.52739453125,49.333939453125,True
strings:loads/escaped_values/bytearray,hardened,1,90.5180078125,49.078693359375,True
strings:loads/escaped_values/memoryview,hardened,1,91.203740234375,48.897939453125,True
strings:loads/escaped_values/array_view,hardened,1,90.82798828125,49.58412109375,True
strings:dumps/escaped_values/object,hardened,1,44.5665947265625,26.7213583984375,True
strings:loads/unicode_escapes/bytes,hardened,1,216.62521875,61.21483984375,True
strings:loads/unicode_escapes/bytearray,hardened,1,217.33775390625,61.71690234375,True
strings:loads/unicode_escapes/memoryview,hardened,1,217.60966015625,61.47704296875,True
strings:loads/unicode_escapes/array_view,hardened,1,215.4343828125,61.05670703125,True
strings:dumps/unicode_escapes/object,hardened,1,48.7959150390625,8.8375712890625,True
strings:loads/escaped_keys/bytes,hardened,1,434.86734375,229.088515625,True
strings:loads/escaped_keys/bytearray,hardened,1,451.4096171875,227.246765625,True
strings:loads/escaped_keys/memoryview,hardened,1,442.399984375,229.144,True
strings:loads/escaped_keys/array_view,hardened,1,435.3130625,228.714390625,True
strings:dumps/escaped_keys/object,hardened,1,128.83363671875,63.25390234375,True
strings:loads/unique_keys/bytes,hardened,1,145.601421875,64.8604296875,True
strings:loads/unique_keys/bytearray,hardened,1,137.2984921875,64.96410546875,True
strings:loads/unique_keys/memoryview,hardened,1,137.4305,63.73445703125,True
strings:loads/unique_keys/array_view,hardened,1,137.15691796875,63.91165625,True
strings:dumps/unique_keys/object,hardened,1,34.900916015625,18.8480244140625,True
strings:loads/long_plain/bytes,hardened,1,23.41021484375,78.270318359375,True
strings:loads/long_plain/bytearray,hardened,1,27.73362890625,79.572443359375,True
strings:loads/long_plain/memoryview,hardened,1,28.100896484375,78.07591796875,True
strings:loads/long_plain/array_view,hardened,1,28.63076171875,80.4647109375,True
strings:dumps/long_plain/object,hardened,1,21.12276708984375,6.11888623046875,True
strings:loads/long_escaped/bytes,hardened,1,73.35280078125,87.7913203125,True
strings:loads/long_escaped/bytearray,hardened,1,76.701005859375,89.75833984375,True
strings:loads/long_escaped/memoryview,hardened,1,77.5223359375,88.168451171875,True
strings:loads/long_escaped/array_view,hardened,1,77.149173828125,90.18833203125,True
strings:dumps/long_escaped/object,hardened,1,63.09796875,86.51976953125,True
strings:loads/late_escape/bytes,hardened,1,30.65807421875,79.522328125,True
strings:loads/late_escape/bytearray,hardened,1,32.7441953125,79.522462890625,True
strings:loads/late_escape/memoryview,hardened,1,32.82521484375,77.93023046875,True
strings:loads/late_escape/array_view,hardened,1,33.232556640625,79.6398203125,True
strings:dumps/late_escape/object,hardened,1,23.188673828125,6.1466640625,True
strings:loads/medium/bytes,hardened,1,448.6931796875,328.373046875,True
strings:loads/medium/bytearray,hardened,1,440.3752578125,330.7344921875,True
strings:loads/medium/memoryview,hardened,1,442.661140625,329.6309453125,True
strings:loads/medium/array_view,hardened,1,442.6364375,331.3126875,True
strings:dumps/medium/object,hardened,1,185.0709765625,107.820046875,True
strings:loads/integers/bytes,hardened,1,334.62753125,238.29934375,True
strings:loads/integers/bytearray,hardened,1,332.9982890625,239.369734375,True
strings:loads/integers/memoryview,hardened,1,332.3494140625,238.1410390625,True
strings:loads/integers/array_view,hardened,1,336.98171875,235.5879375,True
strings:dumps/integers/object,hardened,1,136.5575625,57.359015625,True
dates:datetime_naive_scalar,hardened,1,0.870566162109375,0.2563336486816406,True
dates:datetime_naive_16,hardened,1,2.1305352783203126,0.818966552734375,True
dates:datetime_naive_1024,hardened,1,58.635982421875,38.438611328125,True
dates:datetime_utc_scalar,hardened,1,0.8673073120117187,0.3850405578613281,True
dates:datetime_utc_16,hardened,1,2.306893615722656,2.3143556518554687,True
dates:datetime_utc_1024,hardened,1,65.24333984375,134.89159765625,True
dates:datetime_fixed_offset_scalar,hardened,1,0.933254150390625,0.3891041870117187,True
dates:datetime_fixed_offset_16,hardened,1,3.1456812744140623,2.4781689453125,True
dates:datetime_fixed_offset_1024,hardened,1,77.3840078125,143.596796875,True
dates:date_scalar,hardened,1,0.8425059814453125,0.24762962341308595,True
dates:date_16,hardened,1,1.5597470703125,0.6049717407226562,True
dates:date_1024,hardened,1,37.8516767578125,24.3640478515625,True
dates:time_scalar,hardened,1,0.8602150115966797,0.25954537963867186,True
dates:time_16,hardened,1,2.0263248291015623,0.7219282836914063,False
dates:time_1024,hardened,1,55.1553779296875,33.7133203125,False
dates:datetime_naive_1024_zero_microseconds,hardened,1,49.2249755859375,31.1127578125,True
dates:datetime_utc_1024_zero_microseconds,hardened,1,53.11138671875,124.38255078125,True
dates:time_1024_zero_microseconds,hardened,1,47.139583984375,27.5203310546875,True
dates:datetime_naive_1024_naive_utc,hardened,1,62.826267578125,41.1630625,True
dates:datetime_naive_1024_omit_microseconds,hardened,1,49.0115712890625,31.095990234375,True
dates:datetime_naive_1024_utc_z,hardened,1,59.605033203125,38.852765625,True
dates:datetime_naive_1024_naive_utc_omit_microseconds,hardened,1,49.380322265625,32.7364404296875,True
dates:datetime_naive_1024_naive_utc_z,hardened,1,61.6774453125,40.787986328125,True
dates:datetime_naive_1024_omit_microseconds_utc_z,hardened,1,47.972876953125,30.9125283203125,True
dates:datetime_naive_1024_naive_utc_omit_microseconds_utc_z,hardened,1,48.376982421875,32.8454736328125,True
dates:datetime_utc_1024_omit_microseconds,hardened,1,52.51525,121.5288046875,True
dates:datetime_utc_1024_utc_z,hardened,1,61.46319140625,131.99326171875,True
dates:datetime_utc_1024_omit_microseconds_utc_z,hardened,1,51.84773828125,121.44869921875,True
dates:time_1024_omit_microseconds,hardened,1,47.1656767578125,27.6125244140625,True
dates:date_1024_options,hardened,1,38.547044921875,25.3432939453125,True
dates:dates_under_dict,hardened,1,157.758546875,197.6694375,False
dates:dataclass_dates,hardened,1,278.9823515625,253.204578125,True
dates:datetime_passthrough,hardened,1,1166.56925,824.4061875,True
dates:datetime_subclass,hardened,1,892.178140625,833.11584375,True
dates:datetime_named_zero_offset_1024,hardened,1,68.27639453125,134.02634765625,True
dates:datetime_negative_offset_1024,hardened,1,75.66191796875,142.09516015625,True
dates:datetime_seconds_offset_1024,hardened,1,76.10266796875,141.8219921875,True
dates:uuid_scalar_control,hardened,1,0.8919531860351563,0.29133828735351563,True
dates:uuid_list_control,hardened,1,97.5372265625,58.086494140625,True
dates:dict_control,hardened,1,0.3711598968505859,0.28186185455322266,True
dates:list_control,hardened,1,12.8300517578125,6.199103271484375,True
dates:string_control,hardened,1,0.22194388580322266,0.22567974853515624,True
dates:dataclass_control,hardened,1,240.424796875,98.4904921875,True
numpy:datetime_Y_scalar,hardened,1,4.059055297851563,1.2070191650390625,True
numpy:datetime_Y_16,hardened,1,5.0617349853515625,2.4183780517578124,True
numpy:datetime_Y_4096,hardened,1,92.679546875,295.149359375,True
numpy:datetime_M_scalar,hardened,1,4.020551391601563,1.199799072265625,True
numpy:datetime_M_16,hardened,1,5.11015673828125,2.5389832763671873,True
numpy:datetime_M_4096,hardened,1,105.1931484375,332.88228125,True
numpy:datetime_D_scalar,hardened,1,4.0397705078125,1.19541650390625,True
numpy:datetime_D_16,hardened,1,5.149371215820312,2.364419677734375,True
numpy:datetime_D_4096,hardened,1,124.705203125,303.724171875,True
numpy:datetime_s_scalar,hardened,1,4.048137451171875,1.1875601806640625,True
numpy:datetime_s_16,hardened,1,4.955919799804687,2.40187744140625,True
numpy:datetime_s_4096,hardened,1,83.3994921875,316.023109375,True
numpy:datetime_us_scalar,hardened,1,4.112828002929687,1.230869384765625,True
numpy:datetime_us_16,hardened,1,5.033234985351562,2.5109996337890625,True
numpy:datetime_us_4096,hardened,1,87.0135859375,342.030265625,True
numpy:datetime_ns_scalar,hardened,1,4.093617309570313,1.230586669921875,True
numpy:datetime_ns_16,hardened,1,5.039533325195313,2.5096656494140626,True
numpy:datetime_ns_4096,hardened,1,95.38896875,341.10709375,True
numpy:datetime_us_4096_naive_utc,hardened,1,91.4880234375,336.0926484375,True
numpy:datetime_us_4096_omit_microseconds,hardened,1,80.949203125,313.6334453125,True
numpy:datetime_us_4096_utc_z,hardened,1,87.3685078125,341.830375,True
numpy:datetime_us_4096_naive_utc_omit_microseconds,hardened,1,82.6151171875,310.831375,True
numpy:datetime_us_4096_naive_utc_z,hardened,1,89.7968359375,349.4850234375,True
numpy:datetime_us_4096_omit_microseconds_utc_z,hardened,1,80.8473984375,315.2381796875,True
numpy:datetime_us_4096_naive_utc_omit_microseconds_utc_z,hardened,1,84.301640625,316.2804140625,True
numpy:datetime_us_empty,hardened,1,4.18677099609375,1.2692147216796874,True
numpy:datetime_us_matrix,hardened,1,90.339125,364.492578125,True
numpy:datetime_us_under_dict,hardened,1,93.87915625,344.5107734375,True
public:loads:apache_builds,hardened,1,380.0614938271605,306.18558762886596,True
public:dumps:apache_builds,hardened,1,152.53682914572863,58.836076923076924,True
public:loads:canada,hardened,1,22381.574,22916.052,True
public:dumps:canada,hardened,1,8279.35,4599.374714285715,True
public:loads:citm_catalog,hardened,1,4990.922333333333,3360.7144444444443,True
public:dumps:citm_catalog,hardened,1,1703.2981666666667,764.013,True
public:loads:github_events,hardened,1,153.39418781725888,117.34647450980393,True
public:dumps:github_events,hardened,1,63.465537499999996,24.48281617647059,True
public:loads:google_maps_api_response,hardened,1,99.67382828282828,69.84060969976905,True
public:dumps:google_maps_api_response,hardened,1,37.96913670886076,15.895132450331126,True
public:loads:gsoc-2018,hardened,1,4746.987142857142,20535.134,True
public:dumps:gsoc-2018,hardened,1,2296.6519,979.07078125,True
public:loads:instruments,hardened,1,695.9584545454546,508.87143333333336,True
public:dumps:instruments,hardened,1,279.81958558558557,108.31185053380783,True
public:loads:marine_ik,hardened,1,33430.945,70373.981,True
public:dumps:marine_ik,hardened,1,9850.5185,6210.8697999999995,True
public:loads:mesh,hardened,1,4233.436222222222,2665.1269166666666,True
public:dumps:mesh,hardened,1,2164.6255333333334,1625.7635555555555,True
public:loads:numbers,hardened,1,583.5298301886793,429.77247887323944,True
public:dumps:numbers,hardened,1,422.1714166666667,369.37641891891894,True
public:loads:random,hardened,1,3579.576777777778,2318.430076923077,True
public:dumps:random,hardened,1,1270.8855416666668,437.5367971014493,True
public:loads:semanticscholar-corpus,hardened,1,71005.444,127029.028,True
public:dumps:semanticscholar-corpus,hardened,1,14083.823,4962.7835,True
public:loads:tree-pretty,hardened,1,115.48348750000001,72.49905060240964,True
public:dumps:tree-pretty,hardened,1,45.50880635400908,17.701590347263096,True
public:loads:twitter,hardened,1,2422.800153846154,1425.5154285714286,True
public:dumps:twitter,hardened,1,886.7945588235294,300.6918686868687,True
public:loads:twitterescaped,hardened,1,2364.5945384615384,1515.4403157894737,True
public:dumps:twitterescaped,hardened,1,1044.618,312.69071134020624,True
public:loads:update-center,hardened,1,2200.7418571428575,2091.4906,True
public:dumps:update-center,hardened,1,1043.667,376.159938271605,True
public:loads:poet,hardened,1,9649.04325,23491.597,True
public:dumps:poet,hardened,1,6825.0707999999995,1154.6906923076922,True
public:loads:otfcc,hardened,1,2291073.924,3742155.176,True
public:dumps:otfcc,hardened,1,881759.021,397634.335,True
output:small,pr8,2,0.49594244384765623,0.3359424133300781,True
output:medium,pr8,2,192.710703125,108.78014453125,True
output:integers,pr8,2,136.7739140625,58.76881640625,True
output:floats,pr8,2,399.165078125,337.2931953125,True
output:strings,pr8,2,31.8870888671875,10.9485322265625,True
output:escaped,pr8,2,135.524203125,47.829703125,True
output:long_string,pr8,2,18.68173779296875,6.19514404296875,True
output:integers_wide_signed,pr8,2,311.3101875,589.783984375,True
output:integers_wide_unsigned,pr8,2,239.1643125,529.660125,True
output:scalar_integer,pr8,2,0.21241314697265626,0.2261533203125,True
output:integers_tiny,pr8,2,0.31015155792236326,0.25365262603759764,True
output:indent_integers,pr8,2,172.99528515625,99.72619921875,True
output:strict_integers,pr8,2,136.7425546875,58.37701171875,True
output:sorted_medium,pr8,2,301.4003125,166.5153984375,True
output:integer_keys,pr8,2,49.688755859375,45.13516015625,True
output:dataclasses,pr8,2,241.09537890625,96.8753125,True
output:dataclass_single,pr8,2,1.2200749816894532,0.34095651245117187,True
output:dataclass_slots_single,pr8,2,2.0455667114257814,0.80796923828125,True
output:dataclass_slots,pr8,2,946.446890625,541.9355,True
output:dataclass_nested,pr8,2,621.939828125,252.08084375,True
output:dataclass_indent,pr8,2,288.4445703125,124.49440625,True
output:dataclass_sorted,pr8,2,684.34475,292.9093125,True
output:dataclass_default,pr8,2,338.1731484375,169.097390625,True
output:numpy_int64,pr8,2,1403.5323125,1809.30434375,True
output:numpy_float32,pr8,2,3590.87375,4106.104125,True
output:late_default,pr8,2,13.122866943359375,3.312596923828125,True
output:dataclass_fields8,pr8,2,472.239390625,200.45315625,True
output:dataclass_fields16,pr8,2,884.09396875,356.42359375,True
frontend:loads_small,pr8,2,0.8730679168701172,0.7216151123046874,True
frontend:loads_small_bytearray,pr8,2,0.8911723937988282,0.7247356872558594,True
frontend:loads_small_memoryview,pr8,2,0.98221630859375,0.7424010620117187,True
frontend:loads_small_array_view,pr8,2,0.9884230651855469,0.72812353515625,True
frontend:loads_medium,pr8,2,429.6929296875,334.872375,True
frontend:loads_medium_bytearray,pr8,2,422.1425234375,324.0709609375,True
frontend:loads_medium_memoryview,pr8,2,426.7078125,324.3596953125,True
frontend:loads_medium_array_view,pr8,2,425.1257890625,325.7391484375,True
frontend:loads_integers,pr8,2,321.483921875,235.4954375,True
frontend:loads_integers_bytearray,pr8,2,326.2907421875,234.9698984375,True
frontend:loads_integers_memoryview,pr8,2,326.5249140625,235.3468125,True
frontend:loads_integers_array_view,pr8,2,325.8529375,236.108140625,True
frontend:loads_floats,pr8,2,629.181828125,430.35490625,True
frontend:loads_floats_bytearray,pr8,2,630.8253125,428.02065625,True
frontend:loads_floats_memoryview,pr8,2,630.7383125,427.065359375,True
frontend:loads_floats_array_view,pr8,2,637.155625,431.02525,True
frontend:loads_strings,pr8,2,50.9182822265625,48.739416015625,True
frontend:loads_strings_bytearray,pr8,2,52.525953125,48.670353515625,True
frontend:loads_strings_memoryview,pr8,2,52.6465771484375,52.185326171875,True
frontend:loads_strings_array_view,pr8,2,52.52315625,49.0435205078125,True
frontend:loads_escaped,pr8,2,336.5086875,181.6975234375,True
frontend:loads_escaped_bytearray,pr8,2,337.8104921875,180.3939375,True
frontend:loads_escaped_memoryview,pr8,2,344.13653125,182.69065625,True
frontend:loads_escaped_array_view,pr8,2,344.143515625,183.031453125,True
frontend:loads_long_string,pr8,2,24.564921875,76.198390625,True
frontend:loads_long_string_bytearray,pr8,2,29.74171875,79.3155078125,True
frontend:loads_long_string_memoryview,pr8,2,28.937673828125,77.6970625,True
frontend:loads_long_string_array_view,pr8,2,30.15119140625,77.071748046875,True
frontend:dumps_root_empty,pr8,2,0.18881657409667968,0.20905515670776367,True
frontend:loads_root_empty,pr8,2,0.18299169921875,0.12743354797363282,True
frontend:dumps_root_tiny,pr8,2,0.2052299041748047,0.21146328353881835,True
frontend:loads_root_tiny,pr8,2,0.24058472442626952,0.2772291793823242,True
frontend:dumps_root_below_threshold,pr8,2,0.3636971664428711,0.34099750518798827,True
frontend:loads_root_below_threshold,pr8,2,0.26319910430908205,0.38988250732421875,True
frontend:dumps_root_at_threshold,pr8,2,0.22082061004638673,0.34199014282226564,True
frontend:loads_root_at_threshold,pr8,2,0.2629474411010742,0.3885443649291992,True
frontend:dumps_root_medium,pr8,2,0.6701308135986328,0.489640625,True
frontend:loads_root_medium,pr8,2,0.92176806640625,2.29289794921875,True
frontend:dumps_root_long,pr8,2,16.98194873046875,5.65884228515625,True
frontend:loads_root_long,pr8,2,22.654810546875,69.90366015625,True
frontend:dumps_root_early_quote,pr8,2,18.34921728515625,5.69836474609375,True
frontend:loads_root_early_quote,pr8,2,27.0498125,85.063533203125,True
frontend:dumps_root_late_quote,pr8,2,18.53763427734375,5.6627705078125,True
frontend:loads_root_late_quote,pr8,2,26.71224609375,70.007794921875,True
frontend:dumps_root_dense_escapes,pr8,2,97.0840625,323.613390625,True
frontend:loads_root_dense_escapes,pr8,2,144.74990234375,134.10904296875,True
frontend:dumps_root_latin1,pr8,2,123.92767578125,5.8313984375,True
frontend:loads_root_latin1,pr8,2,131.17205078125,133.59784765625,True
frontend:dumps_root_bmp,pr8,2,126.3580859375,6.20219921875,True
frontend:loads_root_bmp,pr8,2,127.2132421875,113.68372265625,True
frontend:dumps_root_non_bmp,pr8,2,110.729298828125,5.85184765625,True
frontend:loads_root_non_bmp,pr8,2,124.11587109375,103.08290234375,True
frontend:dumps_root_append_newline,pr8,2,17.656939453125,5.8033173828125,True
frontend:dumps_root_indent,pr8,2,17.0985400390625,5.791548828125,True
frontend:loads_escaped_values,pr8,2,73.572712890625,43.360396484375,True
frontend:loads_unicode_escapes,pr8,2,202.12037109375,54.7850390625,True
frontend:loads_repeated_escaped_keys,pr8,2,160.42773046875,113.60059375,True
frontend:loads_unique_escaped_keys,pr8,2,108.65480078125,52.5038359375,True
numbers:loads_small,pr8,2,0.4971014556884766,0.37261729431152346,True
numbers:loads_medium,pr8,2,371.3735390625,272.2182109375,True
numbers:loads_integers,pr8,2,327.285578125,235.347375,True
numbers:loads_random_small,pr8,2,440.607125,329.967984375,True
numbers:loads_wide_signed,pr8,2,619.432875,492.685453125,True
numbers:loads_wide_unsigned,pr8,2,518.913796875,359.960921875,True
numbers:loads_mixed_integers,pr8,2,631.23071875,503.866078125,True
numbers:loads_tiny_integers,pr8,2,0.2912999038696289,0.2772655334472656,True
numbers:loads_scalar_integer,pr8,2,0.10430545043945312,0.15813002014160157,True
numbers:loads_floats,pr8,2,632.3578125,428.46828125,True
numbers:loads_float_bits,pr8,2,989.6819375,602.3535,True
numbers:loads_overflow_integers,pr8,2,1302.698125,910.58403125,True
numbers:loads_long_fractions,pr8,2,1025.45153125,589.32553125,True
numbers:loads_zero_forms,pr8,2,0.48846681213378906,0.30431739807128905,True
numbers:dumps_small,pr8,2,0.24302127075195312,0.1402270736694336,True
numbers:dumps_medium,pr8,2,167.92790625,94.6770234375,True
numbers:dumps_integers,pr8,2,137.77319921875,58.926453125,True
numbers:dumps_random_small,pr8,2,215.314046875,113.92879296875,True
numbers:dumps_wide_signed,pr8,2,310.44328125,590.834015625,True
numbers:dumps_wide_unsigned,pr8,2,241.258203125,530.766421875,True
numbers:dumps_mixed_integers,pr8,2,327.94125,578.000171875,True
numbers:dumps_tiny_integers,pr8,2,0.18433619689941405,0.13496502685546874,True
numbers:dumps_scalar_integer,pr8,2,0.10635432815551758,0.11182186889648438,True
numbers:dumps_floats,pr8,2,411.1708671875,354.8691015625,True
numbers:dumps_float_bits,pr8,2,417.0360546875,359.5211484375,True
strings:loads/short_plain/bytes,pr8,2,0.1206353645324707,0.1608373489379883,True
strings:loads/short_plain/bytearray,pr8,2,0.13955977249145507,0.1673692626953125,True
strings:loads/short_plain/memoryview,pr8,2,0.21412300491333008,0.16747888946533204,True
strings:loads/short_plain/array_view,pr8,2,0.21348622512817383,0.1683992042541504,True
strings:dumps/short_plain/object,pr8,2,0.10517936134338379,0.10378348350524902,True
strings:loads/short_escaped/bytes,pr8,2,0.18928712463378905,0.17518537902832032,True
strings:loads/short_escaped/bytearray,pr8,2,0.21127950286865235,0.17773158264160155,True
strings:loads/short_escaped/memoryview,pr8,2,0.29257884979248044,0.17695355224609374,True
strings:loads/short_escaped/array_view,pr8,2,0.2899781188964844,0.17684376525878906,True
strings:dumps/short_escaped/object,pr8,2,0.11266659545898437,0.12293963241577148,True
strings:loads/plain_values/bytes,pr8,2,51.025494140625,48.3412958984375,True
strings:loads/plain_values/bytearray,pr8,2,53.3236044921875,49.90197265625,True
strings:loads/plain_values/memoryview,pr8,2,53.6221611328125,49.2167138671875,True
strings:loads/plain_values/array_view,pr8,2,53.479642578125,50.241427734375,True
strings:dumps/plain_values/object,pr8,2,32.0978544921875,11.1678896484375,True
strings:loads/escaped_values/bytes,pr8,2,90.91231640625,48.831236328125,True
strings:loads/escaped_values/bytearray,pr8,2,91.26725,49.06318359375,True
strings:loads/escaped_values/memoryview,pr8,2,94.245296875,49.96591015625,True
strings:loads/escaped_values/array_view,pr8,2,90.7074609375,48.9603515625,True
strings:dumps/escaped_values/object,pr8,2,45.8787802734375,26.9749775390625,True
strings:loads/unicode_escapes/bytes,pr8,2,213.08126953125,61.51049609375,True
strings:loads/unicode_escapes/bytearray,pr8,2,274.5028828125,61.7386171875,True
strings:loads/unicode_escapes/memoryview,pr8,2,212.5983359375,62.093,True
strings:loads/unicode_escapes/array_view,pr8,2,219.9496640625,60.36887109375,True
strings:dumps/unicode_escapes/object,pr8,2,50.27318359375,8.57759765625,True
strings:loads/escaped_keys/bytes,pr8,2,447.509734375,225.392734375,True
strings:loads/escaped_keys/bytearray,pr8,2,437.5344921875,221.8676953125,True
strings:loads/escaped_keys/memoryview,pr8,2,435.435703125,224.218609375,True
strings:loads/escaped_keys/array_view,pr8,2,438.8975078125,224.7142890625,True
strings:dumps/escaped_keys/object,pr8,2,128.256484375,61.19482421875,True
strings:loads/unique_keys/bytes,pr8,2,136.86748828125,65.84634765625,True
strings:loads/unique_keys/bytearray,pr8,2,140.01235546875,63.89360546875,True
strings:loads/unique_keys/memoryview,pr8,2,137.5372265625,63.9162734375,True
strings:loads/unique_keys/array_view,pr8,2,136.8835625,64.60670703125,True
strings:dumps/unique_keys/object,pr8,2,34.6884130859375,18.668611328125,True
strings:loads/long_plain/bytes,pr8,2,25.7479453125,78.66290625,True
strings:loads/long_plain/bytearray,pr8,2,29.7890625,80.741486328125,True
strings:loads/long_plain/memoryview,pr8,2,29.6744296875,78.7868671875,True
strings:loads/long_plain/array_view,pr8,2,30.4876796875,80.0871015625,True
strings:dumps/long_plain/object,pr8,2,19.53157177734375,6.18612158203125,True
strings:loads/long_escaped/bytes,pr8,2,83.019109375,89.626091796875,True
strings:loads/long_escaped/bytearray,pr8,2,86.230720703125,89.980095703125,True
strings:loads/long_escaped/memoryview,pr8,2,86.46970703125,87.802357421875,True
strings:loads/long_escaped/array_view,pr8,2,87.586529296875,90.081669921875,True
strings:dumps/long_escaped/object,pr8,2,64.331064453125,79.416787109375,True
strings:loads/late_escape/bytes,pr8,2,30.505873046875,77.866853515625,True
strings:loads/late_escape/bytearray,pr8,2,34.34814453125,80.12469921875,True
strings:loads/late_escape/memoryview,pr8,2,34.084728515625,78.64968359375,True
strings:loads/late_escape/array_view,pr8,2,34.740232421875,79.741365234375,True
strings:dumps/late_escape/object,pr8,2,20.80481982421875,6.1515830078125,True
strings:loads/medium/bytes,pr8,2,432.7505,332.7683125,True
strings:loads/medium/bytearray,pr8,2,439.2985234375,335.0815625,True
strings:loads/medium/memoryview,pr8,2,466.5699921875,337.296515625,True
strings:loads/medium/array_view,pr8,2,451.7865390625,337.125,True
strings:dumps/medium/object,pr8,2,188.66466015625,107.91444140625,True
strings:loads/integers/bytes,pr8,2,330.4507734375,247.3635859375,True
strings:loads/integers/bytearray,pr8,2,326.726203125,232.8009296875,True
strings:loads/integers/memoryview,pr8,2,325.634140625,235.1561796875,True
strings:loads/integers/array_view,pr8,2,327.9200703125,234.908875,True
strings:dumps/integers/object,pr8,2,137.0331171875,57.89458203125,True
dates:datetime_naive_scalar,pr8,2,0.8790208282470703,0.262838623046875,True
dates:datetime_naive_16,pr8,2,2.3838826293945314,0.8247388305664063,True
dates:datetime_naive_1024,pr8,2,60.22691015625,39.108345703125,True
dates:datetime_utc_scalar,pr8,2,0.9085455474853515,0.388857177734375,True
dates:datetime_utc_16,pr8,2,2.497055480957031,2.5063876953125,True
dates:datetime_utc_1024,pr8,2,67.03644140625,135.40237109375,True
dates:datetime_fixed_offset_scalar,pr8,2,1.0624037170410157,0.41020071411132814,True
dates:datetime_fixed_offset_16,pr8,2,3.1603567504882815,2.5083627319335937,True
dates:datetime_fixed_offset_1024,pr8,2,76.5686328125,144.18955859375,True
dates:date_scalar,pr8,2,0.8690382995605469,0.248368408203125,True
dates:date_16,pr8,2,1.570656036376953,0.6047943115234375,True
dates:date_1024,pr8,2,37.9222177734375,24.989,True
dates:time_scalar,pr8,2,0.8680990600585937,0.2578856201171875,True
dates:time_16,pr8,2,2.1774036865234376,0.7343709106445313,False
dates:time_1024,pr8,2,55.9132607421875,34.5692626953125,False
dates:datetime_naive_1024_zero_microseconds,pr8,2,49.6046376953125,31.888388671875,True
dates:datetime_utc_1024_zero_microseconds,pr8,2,53.29946484375,123.92802734375,True
dates:time_1024_zero_microseconds,pr8,2,48.243146484375,28.7776396484375,True
dates:datetime_naive_1024_naive_utc,pr8,2,63.72839453125,42.066720703125,True
dates:datetime_naive_1024_omit_microseconds,pr8,2,50.27963671875,31.255576171875,True
dates:datetime_naive_1024_utc_z,pr8,2,60.3415,39.051263671875,True
dates:datetime_naive_1024_naive_utc_omit_microseconds,pr8,2,54.02390234375,32.61174609375,True
dates:datetime_naive_1024_naive_utc_z,pr8,2,59.2563369140625,42.541671875,True
dates:datetime_naive_1024_omit_microseconds_utc_z,pr8,2,49.5214423828125,31.39659375,True
dates:datetime_naive_1024_naive_utc_omit_microseconds_utc_z,pr8,2,51.09967578125,34.9301259765625,True
dates:datetime_utc_1024_omit_microseconds,pr8,2,54.22266015625,122.7602578125,True
dates:datetime_utc_1024_utc_z,pr8,2,63.277625,134.1436484375,True
dates:datetime_utc_1024_omit_microseconds_utc_z,pr8,2,52.28783203125,122.742421875,True
dates:time_1024_omit_microseconds,pr8,2,48.3967841796875,28.6311123046875,True
dates:date_1024_options,pr8,2,39.0027734375,24.780626953125,True
dates:dates_under_dict,pr8,2,156.82538671875,196.03143359375,False
dates:dataclass_dates,pr8,2,283.791,256.6338046875,True
dates:datetime_passthrough,pr8,2,1230.7873125,821.2915625,True
dates:datetime_subclass,pr8,2,911.46028125,849.034234375,True
dates:datetime_named_zero_offset_1024,pr8,2,68.13573046875,137.0681640625,True
dates:datetime_negative_offset_1024,pr8,2,75.53373046875,145.26233203125,True
dates:datetime_seconds_offset_1024,pr8,2,78.9707265625,143.51041796875,True
dates:uuid_scalar_control,pr8,2,0.9064970550537109,0.2924020233154297,True
dates:uuid_list_control,pr8,2,99.078484375,56.309060546875,True
dates:dict_control,pr8,2,0.37042791748046877,0.28451263427734375,True
dates:list_control,pr8,2,12.9156103515625,6.2228271484375,True
dates:string_control,pr8,2,0.21856929397583008,0.22170088958740233,True
dates:dataclass_control,pr8,2,245.4299453125,100.857875,True
numpy:datetime_Y_scalar,pr8,2,3.771412353515625,1.1973868408203125,True
numpy:datetime_Y_16,pr8,2,4.85163330078125,2.413490234375,True
numpy:datetime_Y_4096,pr8,2,92.1948125,302.9337890625,True
numpy:datetime_M_scalar,pr8,2,3.8403214111328126,1.2034517822265625,True
numpy:datetime_M_16,pr8,2,4.9872529296875,2.4624207763671877,True
numpy:datetime_M_4096,pr8,2,105.149,327.1781484375,True
numpy:datetime_D_scalar,pr8,2,3.89065380859375,1.2172506103515626,True
numpy:datetime_D_16,pr8,2,5.124241455078125,2.331557861328125,True
numpy:datetime_D_4096,pr8,2,127.5698359375,309.01003125,True
numpy:datetime_s_scalar,pr8,2,3.7776175537109373,1.206800048828125,True
numpy:datetime_s_16,pr8,2,4.805533813476562,2.4019017333984376,True
numpy:datetime_s_4096,pr8,2,84.6186328125,311.463609375,True
numpy:datetime_us_scalar,pr8,2,3.9580928955078125,1.26326953125,True
numpy:datetime_us_16,pr8,2,4.96716162109375,2.4915247802734375,True
numpy:datetime_us_4096,pr8,2,87.8407421875,344.80840625,True
numpy:datetime_ns_scalar,pr8,2,3.9334310302734377,1.2333468017578124,True
numpy:datetime_ns_16,pr8,2,4.969728759765625,2.51831103515625,True
numpy:datetime_ns_4096,pr8,2,96.504109375,342.497421875,True
numpy:datetime_us_4096_naive_utc,pr8,2,93.8621875,338.3735390625,True
numpy:datetime_us_4096_omit_microseconds,pr8,2,84.021234375,315.590140625,True
numpy:datetime_us_4096_utc_z,pr8,2,87.502734375,349.8311484375,True
numpy:datetime_us_4096_naive_utc_omit_microseconds,pr8,2,84.8923828125,315.12540625,True
numpy:datetime_us_4096_naive_utc_z,pr8,2,91.84559375,355.4027421875,True
numpy:datetime_us_4096_omit_microseconds_utc_z,pr8,2,83.370390625,315.8929765625,True
numpy:datetime_us_4096_naive_utc_omit_microseconds_utc_z,pr8,2,88.9172890625,319.390453125,True
numpy:datetime_us_empty,pr8,2,4.236440551757813,1.2599083251953125,True
numpy:datetime_us_matrix,pr8,2,88.3111875,348.5437890625,True
numpy:datetime_us_under_dict,pr8,2,93.00690625,346.50484375,True
public:loads:apache_builds,pr8,2,367.5851585365853,316.52081632653056,True
public:dumps:apache_builds,pr8,2,151.14914572864322,58.478253358925144,True
public:loads:canada,pr8,2,31683.828,13029.366,True
public:dumps:canada,pr8,2,8984.29,4872.484714285714,True
public:loads:citm_catalog,pr8,2,4988.435714285714,3384.837777777778,True
public:dumps:citm_catalog,pr8,2,1683.3284444444446,736.946119047619,True
public:loads:github_events,pr8,2,153.94484491978608,118.74648235294119,True
public:dumps:github_events,pr8,2,63.94106926406926,24.336696557245794,True
public:loads:google_maps_api_response,pr8,2,96.30095859872611,69.59483295194508,True
public:dumps:google_maps_api_response,pr8,2,39.003044757033244,16.219956475583864,True
public:loads:gsoc-2018,pr8,2,4838.909285714285,21062.2865,True
public:dumps:gsoc-2018,pr8,2,2369.7751666666663,942.9981212121212,True
public:loads:instruments,pr8,2,702.8714651162791,503.8600689655172,True
public:dumps:instruments,pr8,2,263.079652173913,106.96075886524822,True
public:loads:marine_ik,pr8,2,33053.544,61963.635,True
public:dumps:marine_ik,pr8,2,10313.108,6247.6304,True
public:loads:mesh,pr8,2,3670.0624444444443,2633.668,True
public:dumps:mesh,pr8,2,2448.9401428571427,1663.8117368421051,True
public:loads:numbers,pr8,2,566.4515,437.22232352941177,True
public:dumps:numbers,pr8,2,416.88923611111113,381.4823205128205,True
public:loads:random,pr8,2,3644.138,2385.259,True
public:dumps:random,pr8,2,1267.2657727272726,426.5977083333333,True
public:loads:semanticscholar-corpus,pr8,2,74227.011,110701.101,True
public:dumps:semanticscholar-corpus,pr8,2,14205.167666666666,5343.028833333333,True
public:loads:tree-pretty,pr8,2,116.7547578125,76.17783084577114,True
public:dumps:tree-pretty,pr8,2,45.725302571860816,18.12492402826855,True
public:loads:twitter,pr8,2,2425.8483846153845,1457.430818181818,True
public:dumps:twitter,pr8,2,886.8477941176471,305.29952040816323,True
public:loads:twitterescaped,pr8,2,2379.1385384615387,1529.2893000000001,True
public:dumps:twitterescaped,pr8,2,924.8328518518518,316.8319175257732,True
public:loads:update-center,pr8,2,2335.327357142857,2156.494133333333,True
public:dumps:update-center,pr8,2,1128.2198214285713,438.73454054054054,True
public:loads:poet,pr8,2,9929.44725,6451.0074,True
public:dumps:poet,pr8,2,7332.209,1368.5182727272727,True
public:loads:otfcc,pr8,2,2296954.283,3883775.953,True
public:dumps:otfcc,pr8,2,858787.653,424339.404,True
output:small,hardened,2,0.49351002502441405,0.33092996215820314,True
output:medium,hardened,2,185.381296875,106.78055859375,True
output:integers,hardened,2,140.47439453125,58.02344921875,True
output:floats,hardened,2,390.2409609375,359.46678125,True
output:strings,hardened,2,30.9417763671875,11.1153330078125,True
output:escaped,hardened,2,138.05799609375,48.3944375,True
output:long_string,hardened,2,20.279958984375,6.1361591796875,True
output:integers_wide_signed,hardened,2,305.66184375,609.128234375,True
output:integers_wide_unsigned,hardened,2,234.357171875,535.89253125,True
output:scalar_integer,hardened,2,0.2148837127685547,0.22713737869262696,True
output:integers_tiny,hardened,2,0.31090665435791015,0.25558401489257815,True
output:indent_integers,hardened,2,174.19933984375,97.23995703125,True
output:strict_integers,hardened,2,138.6599609375,58.33873046875,True
output:sorted_medium,hardened,2,307.574421875,166.238515625,True
output:integer_keys,hardened,2,51.095720703125,48.6444267578125,True
output:dataclasses,hardened,2,229.58758984375,98.4619296875,True
output:dataclass_single,hardened,2,1.204077392578125,0.341364013671875,True
output:dataclass_slots_single,hardened,2,2.0593170166015624,0.814731201171875,True
output:dataclass_slots,hardened,2,924.847984375,532.915609375,True
output:dataclass_nested,hardened,2,609.821984375,254.739953125,True
output:dataclass_indent,hardened,2,256.2856875,124.4906953125,True
output:dataclass_sorted,hardened,2,663.7288125,290.184765625,True
output:dataclass_default,hardened,2,368.92790625,174.8879375,True
output:numpy_int64,hardened,2,1455.4705625,1823.5779375,True
output:numpy_float32,hardened,2,3345.474125,4017.530375,True
output:late_default,hardened,2,12.83593212890625,3.10631787109375,True
output:dataclass_fields8,hardened,2,468.72659375,201.0120625,True
output:dataclass_fields16,hardened,2,888.221859375,364.566609375,True
frontend:loads_small,hardened,2,0.8981485900878906,0.7357798004150391,True
frontend:loads_small_bytearray,hardened,2,0.9191474609375,0.7398011474609375,True
frontend:loads_small_memoryview,hardened,2,1.0086739807128906,0.7438769836425781,True
frontend:loads_small_array_view,hardened,2,1.0666639099121094,0.7413780212402343,True
frontend:loads_medium,hardened,2,454.5150625,326.98690625,True
frontend:loads_medium_bytearray,hardened,2,447.030578125,328.11634375,True
frontend:loads_medium_memoryview,hardened,2,444.487625,323.6513125,True
frontend:loads_medium_array_view,hardened,2,449.6296796875,327.5492265625,True
frontend:loads_integers,hardened,2,334.5881875,245.114671875,True
frontend:loads_integers_bytearray,hardened,2,343.898578125,262.6094921875,True
frontend:loads_integers_memoryview,hardened,2,342.3086875,245.2465234375,True
frontend:loads_integers_array_view,hardened,2,366.430921875,245.9954453125,True
frontend:loads_floats,hardened,2,632.142140625,440.17075,True
frontend:loads_floats_bytearray,hardened,2,638.385546875,439.2333125,True
frontend:loads_floats_memoryview,hardened,2,639.36915625,435.760953125,True
frontend:loads_floats_array_view,hardened,2,640.284046875,443.310734375,True
frontend:loads_strings,hardened,2,49.1125205078125,48.181171875,True
frontend:loads_strings_bytearray,hardened,2,51.02590234375,49.15601171875,True
frontend:loads_strings_memoryview,hardened,2,50.1550380859375,48.4568115234375,True
frontend:loads_strings_array_view,hardened,2,58.1670048828125,48.4172646484375,True
frontend:loads_escaped,hardened,2,352.3316953125,199.2665234375,True
frontend:loads_escaped_bytearray,hardened,2,350.7625625,181.02946875,True
frontend:loads_escaped_memoryview,hardened,2,349.8257109375,182.8463125,True
frontend:loads_escaped_array_view,hardened,2,352.5826640625,181.8552421875,True
frontend:loads_long_string,hardened,2,23.913498046875,79.468458984375,True
frontend:loads_long_string_bytearray,hardened,2,29.037419921875,78.506685546875,True
frontend:loads_long_string_memoryview,hardened,2,29.318880859375,78.2876328125,True
frontend:loads_long_string_array_view,hardened,2,28.58677734375,76.796482421875,True
frontend:dumps_root_empty,hardened,2,0.20368750381469727,0.21842691802978514,True
frontend:loads_root_empty,hardened,2,0.18662673950195313,0.12894756317138673,True
frontend:dumps_root_tiny,hardened,2,0.210431396484375,0.21366044616699217,True
frontend:loads_root_tiny,hardened,2,0.22034008026123048,0.27366587829589845,True
frontend:dumps_root_below_threshold,hardened,2,0.3602842178344727,0.33888147735595703,True
frontend:loads_root_below_threshold,hardened,2,0.2698264389038086,0.39883383178710935,True
frontend:dumps_root_at_threshold,hardened,2,0.20570086669921875,0.3421839294433594,True
frontend:loads_root_at_threshold,hardened,2,0.2590545654296875,0.396693603515625,True
frontend:dumps_root_medium,hardened,2,0.7003585357666016,0.48955963134765623,True
frontend:loads_root_medium,hardened,2,0.9010785522460938,2.2789893188476564,True
frontend:dumps_root_long,hardened,2,18.89205810546875,5.65036962890625,True
frontend:loads_root_long,hardened,2,21.5255,74.2942578125,True
frontend:dumps_root_early_quote,hardened,2,20.2430625,5.7044609375,True
frontend:loads_root_early_quote,hardened,2,25.842669921875,87.2026796875,True
frontend:dumps_root_late_quote,hardened,2,20.5283134765625,5.668345703125,True
frontend:loads_root_late_quote,hardened,2,25.75359375,71.95107421875,True
frontend:dumps_root_dense_escapes,hardened,2,125.6399453125,324.715015625,True
frontend:loads_root_dense_escapes,hardened,2,139.84933984375,135.86331640625,True
frontend:dumps_root_latin1,hardened,2,125.04563671875,6.2041015625,True
frontend:loads_root_latin1,hardened,2,133.52430078125,131.58821484375,True
frontend:dumps_root_bmp,hardened,2,161.164171875,5.73196484375,True
frontend:loads_root_bmp,hardened,2,129.3712734375,116.61359765625,True
frontend:dumps_root_non_bmp,hardened,2,101.886623046875,6.457419921875,True
frontend:loads_root_non_bmp,hardened,2,125.6777421875,105.09921875,True
frontend:dumps_root_append_newline,hardened,2,18.793291015625,5.69522802734375,True
frontend:dumps_root_indent,hardened,2,19.08471240234375,5.68460888671875,True
frontend:loads_escaped_values,hardened,2,74.5267421875,44.118205078125,True
frontend:loads_unicode_escapes,hardened,2,204.07427734375,55.6649921875,True
frontend:loads_repeated_escaped_keys,hardened,2,175.3267421875,117.10687109375,True
frontend:loads_unique_escaped_keys,hardened,2,116.2732890625,51.14322265625,True
numbers:loads_small,hardened,2,0.48711195373535154,0.3555148162841797,True
numbers:loads_medium,hardened,2,383.1990234375,261.8736484375,True
numbers:loads_integers,hardened,2,338.9801015625,235.9860234375,True
numbers:loads_random_small,hardened,2,439.84959375,330.01721875,True
numbers:loads_wide_signed,hardened,2,629.84090625,494.401375,True
numbers:loads_wide_unsigned,hardened,2,555.368265625,352.18853125,True
numbers:loads_mixed_integers,hardened,2,654.573203125,482.882046875,True
numbers:loads_tiny_integers,hardened,2,0.2993836212158203,0.2819936218261719,True
numbers:loads_scalar_integer,hardened,2,0.10618877410888672,0.15556546020507814,True
numbers:loads_floats,hardened,2,648.15990625,425.36515625,True
numbers:loads_float_bits,hardened,2,996.37684375,597.356,True
numbers:loads_overflow_integers,hardened,2,1555.45375,920.5669375,True
numbers:loads_long_fractions,hardened,2,1027.45371875,585.80521875,True
numbers:loads_zero_forms,hardened,2,0.4937449035644531,0.30271128845214845,True
numbers:dumps_small,hardened,2,0.24047978973388673,0.1643523941040039,True
numbers:dumps_medium,hardened,2,163.6691015625,96.73273828125,True
numbers:dumps_integers,hardened,2,138.53284765625,58.38167578125,True
numbers:dumps_random_small,hardened,2,213.97046875,106.45966796875,True
numbers:dumps_wide_signed,hardened,2,310.1078125,599.8729375,True
numbers:dumps_wide_unsigned,hardened,2,257.387953125,533.81184375,True
numbers:dumps_mixed_integers,hardened,2,317.97071875,592.537640625,True
numbers:dumps_tiny_integers,hardened,2,0.19509517669677734,0.1366427917480469,True
numbers:dumps_scalar_integer,hardened,2,0.10647582435607911,0.11194768905639649,True
numbers:dumps_floats,hardened,2,408.391109375,341.425453125,True
numbers:dumps_float_bits,hardened,2,416.241546875,366.66159375,True
strings:loads/short_plain/bytes,hardened,2,0.1194129753112793,0.16645299911499023,True
strings:loads/short_plain/bytearray,hardened,2,0.137265193939209,0.16835622024536132,True
strings:loads/short_plain/memoryview,hardened,2,0.21231875228881836,0.1697610092163086,True
strings:loads/short_plain/array_view,hardened,2,0.21465044403076172,0.16926393127441405,True
strings:dumps/short_plain/object,hardened,2,0.11083175468444824,0.11147248840332032,True
strings:loads/short_escaped/bytes,hardened,2,0.18014862442016602,0.1821826515197754,True
strings:loads/short_escaped/bytearray,hardened,2,0.1981575241088867,0.17919118881225585,True
strings:loads/short_escaped/memoryview,hardened,2,0.284628303527832,0.18124143981933594,True
strings:loads/short_escaped/array_view,hardened,2,0.2850366744995117,0.17825703430175782,True
strings:dumps/short_escaped/object,hardened,2,0.12080889129638672,0.11774101638793945,True
strings:loads/plain_values/bytes,hardened,2,49.98830078125,49.2483515625,True
strings:loads/plain_values/bytearray,hardened,2,51.399419921875,49.862455078125,True
strings:loads/plain_values/memoryview,hardened,2,50.1452607421875,48.1280361328125,True
strings:loads/plain_values/array_view,hardened,2,49.6521005859375,47.889671875,True
strings:dumps/plain_values/object,hardened,2,31.05759765625,10.9253212890625,True
strings:loads/escaped_values/bytes,hardened,2,89.855263671875,48.300126953125,True
strings:loads/escaped_values/bytearray,hardened,2,90.61678515625,48.767654296875,True
strings:loads/escaped_values/memoryview,hardened,2,91.52354296875,48.30763671875,True
strings:loads/escaped_values/array_view,hardened,2,91.097435546875,48.2703125,True
strings:dumps/escaped_values/object,hardened,2,44.6191435546875,27.0753828125,True
strings:loads/unicode_escapes/bytes,hardened,2,214.76787109375,59.5566171875,True
strings:loads/unicode_escapes/bytearray,hardened,2,217.6434609375,60.3259921875,True
strings:loads/unicode_escapes/memoryview,hardened,2,217.48557421875,60.03126171875,True
strings:loads/unicode_escapes/array_view,hardened,2,222.44480078125,60.4896484375,True
strings:dumps/unicode_escapes/object,hardened,2,49.2398681640625,8.9224833984375,True
strings:loads/escaped_keys/bytes,hardened,2,442.0425625,224.9260703125,True
strings:loads/escaped_keys/bytearray,hardened,2,437.5195546875,223.4249140625,True
strings:loads/escaped_keys/memoryview,hardened,2,436.1964609375,225.375,True
strings:loads/escaped_keys/array_view,hardened,2,436.336484375,224.2745078125,True
strings:dumps/escaped_keys/object,hardened,2,128.3856875,63.90321484375,True
strings:loads/unique_keys/bytes,hardened,2,137.57808984375,62.73098046875,True
strings:loads/unique_keys/bytearray,hardened,2,137.57172265625,63.369375,True
strings:loads/unique_keys/memoryview,hardened,2,142.52937109375,63.13833984375,True
strings:loads/unique_keys/array_view,hardened,2,139.9244375,64.10179296875,True
strings:dumps/unique_keys/object,hardened,2,37.07715234375,18.9772333984375,True
strings:loads/long_plain/bytes,hardened,2,23.483921875,78.436701171875,True
strings:loads/long_plain/bytearray,hardened,2,27.787279296875,80.1502734375,True
strings:loads/long_plain/memoryview,hardened,2,28.375076171875,79.1483671875,True
strings:loads/long_plain/array_view,hardened,2,28.9736171875,81.778103515625,True
strings:dumps/long_plain/object,hardened,2,21.2394423828125,6.3408818359375,True
strings:loads/long_escaped/bytes,hardened,2,74.696064453125,89.241392578125,True
strings:loads/long_escaped/bytearray,hardened,2,78.55537109375,89.821703125,True
strings:loads/long_escaped/memoryview,hardened,2,78.92546875,87.62333984375,True
strings:loads/long_escaped/array_view,hardened,2,78.351275390625,90.236140625,True
strings:dumps/long_escaped/object,hardened,2,62.0244921875,79.634052734375,True
strings:loads/late_escape/bytes,hardened,2,28.793677734375,78.412875,True
strings:loads/late_escape/bytearray,hardened,2,33.33134375,81.0140859375,True
strings:loads/late_escape/memoryview,hardened,2,34.063830078125,79.4472265625,True
strings:loads/late_escape/array_view,hardened,2,33.467375,80.812580078125,True
strings:dumps/late_escape/object,hardened,2,23.10613818359375,6.21465673828125,True
strings:loads/medium/bytes,hardened,2,436.6868671875,326.9230078125,True
strings:loads/medium/bytearray,hardened,2,442.2434765625,326.40678125,True
strings:loads/medium/memoryview,hardened,2,464.1694375,327.96825,True
strings:loads/medium/array_view,hardened,2,446.518546875,328.58146875,True
strings:dumps/medium/object,hardened,2,191.10234765625,113.38306640625,True
strings:loads/integers/bytes,hardened,2,339.80396875,234.0044765625,True
strings:loads/integers/bytearray,hardened,2,335.555125,236.210203125,True
strings:loads/integers/memoryview,hardened,2,334.6981015625,235.5051015625,True
strings:loads/integers/array_view,hardened,2,337.10121875,236.38028125,True
strings:dumps/integers/object,hardened,2,136.26848046875,57.27033984375,True
dates:datetime_naive_scalar,hardened,2,0.9017887268066406,0.2589693908691406,True
dates:datetime_naive_16,hardened,2,2.239858642578125,0.81013720703125,True
dates:datetime_naive_1024,hardened,2,60.4295859375,38.427615234375,True
dates:datetime_utc_scalar,hardened,2,0.9039709167480469,0.3884822998046875,True
dates:datetime_utc_16,hardened,2,2.348389404296875,2.3669525756835936,True
dates:datetime_utc_1024,hardened,2,64.63876171875,138.9822421875,True
dates:datetime_fixed_offset_scalar,hardened,2,0.9594324951171875,0.39820709228515627,True
dates:datetime_fixed_offset_16,hardened,2,3.164263427734375,2.5433731079101562,True
dates:datetime_fixed_offset_1024,hardened,2,76.042046875,153.357953125,True
dates:date_scalar,hardened,2,0.8534672241210938,0.24773440551757814,True
dates:date_16,hardened,2,1.5482366333007813,0.6266255493164062,True
dates:date_1024,hardened,2,38.5061259765625,24.95051953125,True
dates:time_scalar,hardened,2,0.8864468078613281,0.2669576873779297,True
dates:time_16,hardened,2,2.1272288818359373,0.74977685546875,False
dates:time_1024,hardened,2,55.1723740234375,34.4224375,False
dates:datetime_naive_1024_zero_microseconds,hardened,2,51.080533203125,31.02036328125,True
dates:datetime_utc_1024_zero_microseconds,hardened,2,52.300453125,126.70405078125,True
dates:time_1024_zero_microseconds,hardened,2,47.07384375,27.7145478515625,True
dates:datetime_naive_1024_naive_utc,hardened,2,62.873041015625,41.41159765625,True
dates:datetime_naive_1024_omit_microseconds,hardened,2,50.1624599609375,31.2520380859375,True
dates:datetime_naive_1024_utc_z,hardened,2,59.3082890625,38.948615234375,True
dates:datetime_naive_1024_naive_utc_omit_microseconds,hardened,2,48.8641376953125,32.4554482421875,True
dates:datetime_naive_1024_naive_utc_z,hardened,2,59.280669921875,40.825822265625,True
dates:datetime_naive_1024_omit_microseconds_utc_z,hardened,2,48.7050263671875,31.2347294921875,True
dates:datetime_naive_1024_naive_utc_omit_microseconds_utc_z,hardened,2,48.9757060546875,33.22374609375,True
dates:datetime_utc_1024_omit_microseconds,hardened,2,52.76283984375,125.84019921875,True
dates:datetime_utc_1024_utc_z,hardened,2,62.029390625,135.66350390625,True
dates:datetime_utc_1024_omit_microseconds_utc_z,hardened,2,51.85255859375,126.9402265625,True
dates:time_1024_omit_microseconds,hardened,2,47.9808857421875,28.12809765625,True
dates:date_1024_options,hardened,2,38.3432265625,24.9705048828125,True
dates:dates_under_dict,hardened,2,157.7997421875,198.4614140625,False
dates:dataclass_dates,hardened,2,280.281703125,255.4947734375,True
dates:datetime_passthrough,hardened,2,1217.74303125,814.131625,True
dates:datetime_subclass,hardened,2,898.070734375,839.470875,True
dates:datetime_named_zero_offset_1024,hardened,2,68.0024765625,138.90434765625,True
dates:datetime_negative_offset_1024,hardened,2,76.61653125,146.20206640625,True
dates:datetime_seconds_offset_1024,hardened,2,75.5194453125,145.113515625,True
dates:uuid_scalar_control,hardened,2,0.8986883850097657,0.2905478515625,True
dates:uuid_list_control,hardened,2,98.567302734375,63.91494140625,True
dates:dict_control,hardened,2,0.3755698852539063,0.28306717681884763,True
dates:list_control,hardened,2,13.006626220703126,6.25355078125,True
dates:string_control,hardened,2,0.22451739501953125,0.23003221130371093,True
dates:dataclass_control,hardened,2,246.704984375,103.2269375,True
numpy:datetime_Y_scalar,hardened,2,4.085526733398438,1.211984130859375,True
numpy:datetime_Y_16,hardened,2,4.993005493164063,2.3966956787109375,True
numpy:datetime_Y_4096,hardened,2,91.9503046875,299.8024921875,True
numpy:datetime_M_scalar,hardened,2,4.029314086914063,1.220291748046875,True
numpy:datetime_M_16,hardened,2,5.562658447265625,2.509565185546875,True
numpy:datetime_M_4096,hardened,2,106.5619296875,326.3966328125,True
numpy:datetime_D_scalar,hardened,2,3.9909366455078126,1.1924866943359376,True
numpy:datetime_D_16,hardened,2,5.166614379882812,2.389781005859375,True
numpy:datetime_D_4096,hardened,2,123.2705234375,304.0783671875,True
numpy:datetime_s_scalar,hardened,2,4.12303466796875,1.2371904296875,True
numpy:datetime_s_16,hardened,2,4.973088623046875,2.4359788818359376,True
numpy:datetime_s_4096,hardened,2,85.4607890625,321.773046875,True
numpy:datetime_us_scalar,hardened,2,4.118936279296875,1.2315421142578125,True
numpy:datetime_us_16,hardened,2,5.04573974609375,2.5288515625,True
numpy:datetime_us_4096,hardened,2,92.1433125,347.3238984375,True
numpy:datetime_ns_scalar,hardened,2,4.151267700195312,1.265494873046875,True
numpy:datetime_ns_16,hardened,2,5.079207397460937,2.5343616943359377,True
numpy:datetime_ns_4096,hardened,2,98.9356875,355.40703125,True
numpy:datetime_us_4096_naive_utc,hardened,2,94.6600625,335.577390625,True
numpy:datetime_us_4096_omit_microseconds,hardened,2,84.117046875,314.9649453125,True
numpy:datetime_us_4096_utc_z,hardened,2,92.739171875,347.646578125,True
numpy:datetime_us_4096_naive_utc_omit_microseconds,hardened,2,87.8458125,316.965078125,True
numpy:datetime_us_4096_naive_utc_z,hardened,2,92.5442578125,348.636125,True
numpy:datetime_us_4096_omit_microseconds_utc_z,hardened,2,86.4718671875,316.772234375,True
numpy:datetime_us_4096_naive_utc_omit_microseconds_utc_z,hardened,2,92.6120703125,319.494171875,True
numpy:datetime_us_empty,hardened,2,4.2284248046875,1.51651904296875,True
numpy:datetime_us_matrix,hardened,2,91.0967734375,351.1238984375,True
numpy:datetime_us_under_dict,hardened,2,98.8818671875,401.303484375,True
public:loads:apache_builds,hardened,2,377.937746835443,301.7256836734694,True
public:dumps:apache_builds,hardened,2,152.0409693877551,55.37414972273567,True
public:loads:canada,hardened,2,30384.671,12462.664,True
public:dumps:canada,hardened,2,8471.5965,4745.940857142858,True
public:loads:citm_catalog,hardened,2,4898.420666666667,3373.912,True
public:dumps:citm_catalog,hardened,2,1672.5697777777777,725.632756097561,True
public:loads:github_events,hardened,2,155.3911616161616,116.94681322957199,True
public:dumps:github_events,hardened,2,61.587489795918366,23.870965023847376,True
public:loads:google_maps_api_response,hardened,2,98.59799016393443,68.94482837528605,True
public:dumps:google_maps_api_response,hardened,2,37.962532828282825,15.800321148825065,True
public:loads:gsoc-2018,hardened,2,4648.185,20122.074,True
public:dumps:gsoc-2018,hardened,2,2450.092230769231,998.5716060606061,True
public:loads:instruments,hardened,2,709.080756097561,510.0170338983051,True
public:dumps:instruments,hardened,2,272.93894545454543,115.7233041825095,True
public:loads:marine_ik,hardened,2,33168.082,61832.745,True
public:dumps:marine_ik,hardened,2,9703.395,6440.8132000000005,True
public:loads:mesh,hardened,2,3631.1386666666667,2616.6278333333335,True
public:dumps:mesh,hardened,2,2117.5887333333335,1589.701947368421,True
public:loads:numbers,hardened,2,573.540433962264,423.256,True
public:dumps:numbers,hardened,2,422.1613194444444,364.5839634146342,True
public:loads:random,hardened,2,3549.002,2311.699076923077,True
public:dumps:random,hardened,2,1265.4589583333332,449.28360869565216,True
public:loads:semanticscholar-corpus,hardened,2,80048.58,118106.601,True
public:dumps:semanticscholar-corpus,hardened,2,14014.363333333335,5173.546333333333,True
public:loads:tree-pretty,hardened,2,116.10655555555556,75.53556923076924,True
public:dumps:tree-pretty,hardened,2,45.55420508982036,18.22626561472715,True
public:loads:twitter,hardened,2,2498.74,1456.1207142857143,True
public:dumps:twitter,hardened,2,891.1166764705882,305.8699191919192,True
public:loads:twitterescaped,hardened,2,2450.4926923076923,1536.295894736842,True
public:dumps:twitterescaped,hardened,2,894.2044411764706,311.55497959183674,True
public:loads:update-center,hardened,2,2158.3246,2042.283625,True
public:dumps:update-center,hardened,2,1074.1155357142857,412.12053424657535,True
public:loads:poet,hardened,2,9940.41,6581.0344000000005,True
public:dumps:poet,hardened,2,7556.6802,1343.8282608695652,True
public:loads:otfcc,hardened,2,2334906.58,3877873.605,True
public:dumps:otfcc,hardened,2,914140.861,396056.787,True
