suite,case,implementation,process_order,jsonmodem_microseconds,orjson_microseconds,comparable
target,offsets_1_owners_1_dates,base,0,1.206781494140625,0.47132009887695314,True
target,offsets_1_owners_16_dates,base,0,3.569732971191406,3.026063720703125,True
target,offsets_1_owners_1024_dates,base,0,135.01452734375,168.3642109375,True
target,offsets_2_owners_16_dates,base,0,3.46552734375,2.9906083374023438,True
target,offsets_2_owners_1024_dates,base,0,135.2225625,168.65948828125,True
target,offsets_8_owners_16_dates,base,0,3.4638145141601564,3.000814453125,True
target,offsets_8_owners_1024_dates,base,0,133.77103515625,166.380078125,True
target,offsets_9_owners_16_dates,base,0,3.486607421875,2.978676025390625,True
target,offsets_9_owners_1024_dates,base,0,133.9526953125,168.24726171875,True
target,offsets_64_owners_16_dates,base,0,3.512102294921875,3.1494777221679686,True
target,offsets_64_owners_1024_dates,base,0,136.1945390625,174.20555078125,True
target,datetime_scalar,base,0,1.0507883605957031,0.471668212890625,True
target,datetime_naive,base,0,75.56145703125,48.274935546875,True
target,datetime_utc,base,0,78.5493046875,159.622453125,True
target,scalar_integer,base,0,0.2780622100830078,0.3020005798339844,True
target,tiny_list,base,0,0.35427213287353515,0.34339472198486326,True
target,tiny_dict,base,0,0.4320549087524414,0.40404222869873047,True
target,large_integers,base,0,210.66921875,75.48565625,True
target,repeated_keys,base,0,109.599861328125,56.830908203125,True
target,early_dataclass,base,0,2.028245300292969,0.5658082885742187,True
target,late_dataclass,base,0,2.216916748046875,0.5670536499023437,True
target,early_default,base,0,1.9594526977539062,0.6645604553222656,True
target,late_default,base,0,2.2671029663085935,0.6563372192382813,True
target,output_255_bytes,base,0,0.35558966064453124,0.42922803497314455,True
target,output_256_bytes,base,0,0.3608306655883789,0.43035704040527345,True
target,output_257_bytes,base,0,0.46779971313476565,0.42613481140136716,True
target,output_511_bytes,base,0,0.503283935546875,0.43611428833007815,True
target,output_512_bytes,base,0,0.4994371795654297,0.42430308532714844,True
target,output_513_bytes,base,0,0.5978028411865235,0.4316387481689453,True
target,output_1023_bytes,base,0,0.7661495208740234,0.44178294372558596,True
target,output_1024_bytes,base,0,0.8716689147949219,0.45070175170898436,True
target,output_1025_bytes,base,0,0.7798373260498047,0.4357853698730469,True
target,output_16384_bytes,base,0,3.3972919921875,1.357742919921875,True
output,small,base,0,0.6814068603515625,0.41413633728027344,True
output,medium,base,0,238.52048828125,138.670515625,True
output,integers,base,0,215.8734921875,73.24040625,True
output,floats,base,0,476.684296875,414.3376484375,True
output,strings,base,0,43.4677548828125,13.0263447265625,True
output,escaped,base,0,179.06170703125,64.62888671875,True
output,long_string,base,0,28.10713330078125,8.417935546875,True
output,integers_wide_signed,base,0,398.69728125,659.026875,True
output,integers_wide_unsigned,base,0,328.175265625,608.511828125,True
output,scalar_integer,base,0,0.2750861282348633,0.28140245819091797,True
output,integers_tiny,base,0,0.39494091033935547,0.32413045501708987,True
output,indent_integers,base,0,299.50775,158.142,True
output,strict_integers,base,0,229.8655234375,73.017671875,True
output,sorted_medium,base,0,497.0298671875,214.3848359375,True
output,integer_keys,base,0,78.000201171875,65.78477734375,True
output,dataclasses,base,0,307.4085625,130.4201484375,True
output,dataclass_single,base,0,1.4463421020507812,0.4176006774902344,True
output,dataclass_slots_single,base,0,2.2976991577148436,0.9463387451171875,True
output,dataclass_slots,base,0,1059.49428125,641.31625,True
output,dataclass_nested,base,0,794.46675,333.393078125,True
output,dataclass_indent,base,0,418.485640625,211.7406640625,True
output,dataclass_sorted,base,0,870.8530625,371.208625,True
output,dataclass_default,base,0,433.209265625,227.2318203125,True
output,numpy_int64,base,0,1793.1875,2243.136,True
output,numpy_float32,base,0,3817.4765,4639.628875,True
output,late_default,base,0,18.082025390625,3.766548828125,True
output,dataclass_fields8,base,0,736.502625,400.565875,True
output,dataclass_fields16,base,0,1204.67328125,497.0781875,True
frontend,loads_small,base,0,1.03377490234375,0.7942311096191407,True
frontend,loads_small_bytearray,base,0,1.0758130798339844,0.8816547241210938,True
frontend,loads_small_memoryview,base,0,1.2393401794433594,0.8259007568359376,True
frontend,loads_small_array_view,base,0,1.2075061340332032,0.8103717041015625,True
frontend,loads_medium,base,0,588.49990625,453.661640625,True
frontend,loads_medium_bytearray,base,0,571.158734375,424.3141875,True
frontend,loads_medium_memoryview,base,0,563.3765625,452.53615625,True
frontend,loads_medium_array_view,base,0,557.633875,418.605140625,True
frontend,loads_integers,base,0,453.890328125,344.05509375,True
frontend,loads_integers_bytearray,base,0,468.7921328125,330.040609375,True
frontend,loads_integers_memoryview,base,0,460.2566015625,338.822421875,True
frontend,loads_integers_array_view,base,0,491.651921875,349.255015625,True
frontend,loads_floats,base,0,881.380734375,666.06409375,True
frontend,loads_floats_bytearray,base,0,909.0795,546.89453125,True
frontend,loads_floats_memoryview,base,0,938.51346875,548.462140625,True
frontend,loads_floats_array_view,base,0,996.29890625,574.50546875,True
frontend,loads_strings,base,0,74.17958984375,63.767298828125,True
frontend,loads_strings_bytearray,base,0,72.2003515625,61.39473828125,True
frontend,loads_strings_memoryview,base,0,71.0067734375,58.571369140625,True
frontend,loads_strings_array_view,base,0,71.32545703125,56.880689453125,True
frontend,loads_escaped,base,0,456.387515625,236.528390625,True
frontend,loads_escaped_bytearray,base,0,490.861484375,243.92971875,True
frontend,loads_escaped_memoryview,base,0,493.894203125,244.528453125,True
frontend,loads_escaped_array_view,base,0,461.4351328125,230.1333125,True
frontend,loads_long_string,base,0,30.38696484375,86.464076171875,True
frontend,loads_long_string_bytearray,base,0,36.8936484375,80.902623046875,True
frontend,loads_long_string_memoryview,base,0,35.574630859375,78.95525,True
frontend,loads_long_string_array_view,base,0,35.428701171875,81.316275390625,True
frontend,dumps_root_empty,base,0,0.24602105712890626,0.2719912796020508,True
frontend,loads_root_empty,base,0,0.23715196990966797,0.16518302154541015,True
frontend,dumps_root_tiny,base,0,0.2616528015136719,0.27555018615722654,True
frontend,loads_root_tiny,base,0,0.2785137481689453,0.3414968490600586,True
frontend,dumps_root_below_threshold,base,0,0.44114817810058593,0.4456691970825195,True
frontend,loads_root_below_threshold,base,0,0.32256953430175783,0.4682240295410156,True
frontend,dumps_root_at_threshold,base,0,0.27261832427978516,0.42971665191650393,True
frontend,loads_root_at_threshold,base,0,0.34643798828125,0.48914617919921877,True
frontend,dumps_root_medium,base,0,0.8224490203857422,0.5842205810546875,True
frontend,loads_root_medium,base,0,1.0790634765625,2.4399063110351564,True
frontend,dumps_root_long,base,0,21.7507294921875,7.49600634765625,True
frontend,loads_root_long,base,0,24.542279296875,71.91722265625,True
frontend,dumps_root_early_quote,base,0,25.5120205078125,7.71917138671875,True
frontend,loads_root_early_quote,base,0,33.7689375,91.77604296875,True
frontend,dumps_root_late_quote,base,0,28.6424462890625,8.4391611328125,True
frontend,loads_root_late_quote,base,0,35.80756640625,81.177625,True
frontend,dumps_root_dense_escapes,base,0,133.3156328125,322.8225,True
frontend,loads_root_dense_escapes,base,0,255.244484375,153.719953125,True
frontend,dumps_root_latin1,base,0,212.1773203125,8.360265625,True
frontend,loads_root_latin1,base,0,248.32765625,184.8989375,True
frontend,dumps_root_bmp,base,0,197.89736328125,8.1550546875,True
frontend,loads_root_bmp,base,0,227.70541015625,149.13659765625,True
frontend,dumps_root_non_bmp,base,0,183.12809765625,8.59458984375,True
frontend,loads_root_non_bmp,base,0,205.48537890625,140.21625,True
frontend,dumps_root_append_newline,base,0,20.1840458984375,7.618287109375,True
frontend,dumps_root_indent,base,0,26.51870654296875,7.92793017578125,True
frontend,loads_escaped_values,base,0,107.385669921875,61.3225234375,True
frontend,loads_unicode_escapes,base,0,283.5819453125,77.7043984375,True
frontend,loads_repeated_escaped_keys,base,0,227.14134375,152.039359375,True
frontend,loads_unique_escaped_keys,base,0,153.792453125,72.31633203125,True
numbers,loads_small,base,0,0.6207141571044922,0.449060791015625,True
numbers,loads_medium,base,0,484.77903125,329.809453125,True
numbers,loads_integers,base,0,465.0446640625,328.313015625,True
numbers,loads_random_small,base,0,552.228484375,434.549578125,True
numbers,loads_wide_signed,base,0,793.010109375,694.866,True
numbers,loads_wide_unsigned,base,0,658.361921875,522.227546875,True
numbers,loads_mixed_integers,base,0,815.45703125,684.3953125,True
numbers,loads_tiny_integers,base,0,0.3919688186645508,0.3499903335571289,True
numbers,loads_scalar_integer,base,0,0.13732340240478516,0.19727194595336914,True
numbers,loads_floats,base,0,859.157296875,523.392125,True
numbers,loads_float_bits,base,0,1363.10565625,871.66475,True
numbers,loads_overflow_integers,base,0,1620.14121875,1080.21784375,True
numbers,loads_long_fractions,base,0,1646.09459375,796.8195,True
numbers,loads_zero_forms,base,0,0.64030908203125,0.3884958953857422,True
numbers,dumps_small,base,0,0.3317206802368164,0.2079693832397461,True
numbers,dumps_medium,base,0,204.38509765625,121.622421875,True
numbers,dumps_integers,base,0,204.87332421875,71.25044140625,True
numbers,dumps_random_small,base,0,280.75059375,150.486546875,True
numbers,dumps_wide_signed,base,0,390.50815625,679.390515625,True
numbers,dumps_wide_unsigned,base,0,334.746421875,619.49725,True
numbers,dumps_mixed_integers,base,0,404.59934375,681.14128125,True
numbers,dumps_tiny_integers,base,0,0.3261502151489258,0.2104246826171875,True
numbers,dumps_scalar_integer,base,0,0.15024780654907227,0.1647473487854004,True
numbers,dumps_floats,base,0,448.6528125,369.94371875,True
numbers,dumps_float_bits,base,0,478.005234375,398.80834375,True
strings,loads/short_plain/bytes,base,0,0.1568265800476074,0.20931467437744142,True
strings,loads/short_plain/bytearray,base,0,0.18305255508422852,0.21691939163208007,True
strings,loads/short_plain/memoryview,base,0,0.27391290283203124,0.2162337875366211,True
strings,loads/short_plain/array_view,base,0,0.27183185577392577,0.22006800079345704,True
strings,dumps/short_plain/object,base,0,0.1389668655395508,0.15121340942382813,True
strings,loads/short_escaped/bytes,base,0,0.2339062271118164,0.22269854736328126,True
strings,loads/short_escaped/bytearray,base,0,0.25845166778564455,0.2249814224243164,True
strings,loads/short_escaped/memoryview,base,0,0.35419529724121096,0.23162223052978514,True
strings,loads/short_escaped/array_view,base,0,0.3499698257446289,0.2294334716796875,True
strings,dumps/short_escaped/object,base,0,0.15851978302001954,0.15882567596435546,True
strings,loads/plain_values/bytes,base,0,76.1447734375,70.18995703125,True
strings,loads/plain_values/bytearray,base,0,74.01659765625,59.76141015625,True
strings,loads/plain_values/memoryview,base,0,76.186365234375,59.222275390625,True
strings,loads/plain_values/array_view,base,0,75.055822265625,60.636798828125,True
strings,dumps/plain_values/object,base,0,41.8760830078125,12.7871171875,True
strings,loads/escaped_values/bytes,base,0,125.1132890625,63.35263671875,True
strings,loads/escaped_values/bytearray,base,0,125.95032421875,64.80053515625,True
strings,loads/escaped_values/memoryview,base,0,135.503328125,64.360625,True
strings,loads/escaped_values/array_view,base,0,129.577640625,65.8609375,True
strings,dumps/escaped_values/object,base,0,66.44740625,31.654580078125,True
strings,loads/unicode_escapes/bytes,base,0,290.4402734375,79.4848359375,True
strings,loads/unicode_escapes/bytearray,base,0,291.6223046875,79.3371796875,True
strings,loads/unicode_escapes/memoryview,base,0,289.3082734375,78.410328125,True
strings,loads/unicode_escapes/array_view,base,0,289.70828125,79.14328125,True
strings,dumps/unicode_escapes/object,base,0,71.0769921875,10.624255859375,True
strings,loads/escaped_keys/bytes,base,0,558.457390625,286.75971875,True
strings,loads/escaped_keys/bytearray,base,0,559.946953125,283.110609375,True
strings,loads/escaped_keys/memoryview,base,0,562.634421875,282.12346875,True
strings,loads/escaped_keys/array_view,base,0,558.11396875,280.853359375,True
strings,dumps/escaped_keys/object,base,0,165.427109375,75.47809375,True
strings,loads/unique_keys/bytes,base,0,169.88047265625,86.24319921875,True
strings,loads/unique_keys/bytearray,base,0,171.735796875,85.63027734375,True
strings,loads/unique_keys/memoryview,base,0,171.87071875,86.30392578125,True
strings,loads/unique_keys/array_view,base,0,180.77389453125,86.46073828125,True
strings,dumps/unique_keys/object,base,0,50.789927734375,22.8898798828125,True
strings,loads/long_plain/bytes,base,0,29.033318359375,82.355150390625,True
strings,loads/long_plain/bytearray,base,0,36.270755859375,82.205080078125,True
strings,loads/long_plain/memoryview,base,0,36.193744140625,81.908279296875,True
strings,loads/long_plain/array_view,base,0,37.663384765625,85.226875,True
strings,dumps/long_plain/object,base,0,29.62720458984375,8.3695478515625,True
strings,loads/long_escaped/bytes,base,0,112.8623515625,102.013703125,True
strings,loads/long_escaped/bytearray,base,0,120.20799609375,103.96234765625,True
strings,loads/long_escaped/memoryview,base,0,116.1228046875,101.139087890625,True
strings,loads/long_escaped/array_view,base,0,117.17562109375,111.491681640625,True
strings,dumps/long_escaped/object,base,0,85.1124609375,94.430388671875,True
strings,loads/late_escape/bytes,base,0,38.135671875,85.877384765625,True
strings,loads/late_escape/bytearray,base,0,43.5555859375,84.56568359375,True
strings,loads/late_escape/memoryview,base,0,40.90580859375,81.19442578125,True
strings,loads/late_escape/array_view,base,0,41.770248046875,82.46179296875,True
strings,dumps/late_escape/object,base,0,28.945634765625,8.32567578125,True
strings,loads/medium/bytes,base,0,543.153421875,401.485921875,True
strings,loads/medium/bytearray,base,0,547.215171875,407.896578125,True
strings,loads/medium/memoryview,base,0,550.87746875,404.52884375,True
strings,loads/medium/array_view,base,0,606.4444375,421.1868125,True
strings,dumps/medium/object,base,0,233.418,139.540359375,True
strings,loads/integers/bytes,base,0,436.9029296875,315.307265625,True
strings,loads/integers/bytearray,base,0,459.0749375,323.592296875,True
strings,loads/integers/memoryview,base,0,461.420328125,325.736828125,True
strings,loads/integers/array_view,base,0,457.294265625,325.86778125,True
strings,dumps/integers/object,base,0,207.0915,72.9453046875,True
dates,datetime_naive_scalar,base,0,0.9842786560058594,0.320272216796875,True
dates,datetime_naive_16,base,0,2.488101318359375,1.00835595703125,True
dates,datetime_naive_1024,base,0,75.683126953125,53.2743125,True
dates,datetime_utc_scalar,base,0,0.977409423828125,0.459873779296875,True
dates,datetime_utc_16,base,0,2.5596094360351564,2.9736076049804687,True
dates,datetime_utc_1024,base,0,92.72373828125,191.5972734375,True
dates,datetime_fixed_offset_scalar,base,0,1.058431121826172,0.4584612121582031,True
dates,datetime_fixed_offset_16,base,0,3.6877891235351563,3.3777744750976564,True
dates,datetime_fixed_offset_1024,base,0,139.58445703125,187.72920703125,True
dates,date_scalar,base,0,1.0089820861816405,0.32070724487304686,True
dates,date_16,base,0,1.8473294067382813,0.766790283203125,True
dates,date_1024,base,0,52.1020771484375,29.4351298828125,True
dates,time_scalar,base,0,1.1569454345703125,0.32695477294921876,True
dates,time_16,base,0,2.418526306152344,0.9511365966796875,False
dates,time_1024,base,0,73.790978515625,45.6048984375,False
dates,datetime_naive_1024_zero_microseconds,base,0,70.826349609375,41.90916015625,True
dates,datetime_utc_1024_zero_microseconds,base,0,69.1289296875,152.13122265625,True
dates,time_1024_zero_microseconds,base,0,63.938845703125,36.93067578125,True
dates,datetime_naive_1024_naive_utc,base,0,79.0942109375,56.137912109375,True
dates,datetime_naive_1024_omit_microseconds,base,0,66.5982109375,41.463375,True
dates,datetime_naive_1024_utc_z,base,0,77.685552734375,71.304359375,True
dates,datetime_naive_1024_naive_utc_omit_microseconds,base,0,71.845171875,45.764388671875,True
dates,datetime_naive_1024_naive_utc_z,base,0,77.903119140625,55.0227109375,True
dates,datetime_naive_1024_omit_microseconds_utc_z,base,0,67.354125,41.312603515625,True
dates,datetime_naive_1024_naive_utc_omit_microseconds_utc_z,base,0,68.57321484375,42.962666015625,True
dates,datetime_utc_1024_omit_microseconds,base,0,69.6717890625,155.7295625,True
dates,datetime_utc_1024_utc_z,base,0,81.71825390625,177.601484375,True
dates,datetime_utc_1024_omit_microseconds_utc_z,base,0,69.1646171875,155.2070078125,True
dates,time_1024_omit_microseconds,base,0,64.979828125,37.707171875,True
dates,date_1024_options,base,0,49.0786435546875,28.80126171875,True
dates,dates_under_dict,base,0,200.6416875,246.564359375,False
dates,dataclass_dates,base,0,348.88603125,319.5195,True
dates,datetime_passthrough,base,0,1526.72453125,1077.3559375,True
dates,datetime_subclass,base,0,1213.723,1142.3526875,True
dates,datetime_named_zero_offset_1024,base,0,128.2205390625,173.00840625,True
dates,datetime_negative_offset_1024,base,0,142.536296875,184.17753125,True
dates,datetime_seconds_offset_1024,base,0,147.087625,188.8845625,True
dates,uuid_scalar_control,base,0,1.0595801696777343,0.3827398376464844,True
dates,uuid_list_control,base,0,124.01027734375,70.904984375,True
dates,dict_control,base,0,0.48038056945800783,0.3911675262451172,True
dates,list_control,base,0,22.777896484375,7.086109375,True
dates,string_control,base,0,0.2716074905395508,0.2909103775024414,True
dates,dataclass_control,base,0,312.6993828125,131.42740625,True
numpy,datetime_Y_scalar,base,0,4.584191650390625,1.31101123046875,True
numpy,datetime_Y_16,base,0,5.5715341796875,2.447387451171875,True
numpy,datetime_Y_4096,base,0,117.3885625,293.999015625,True
numpy,datetime_M_scalar,base,0,4.576302490234375,1.2845133056640625,True
numpy,datetime_M_16,base,0,5.673497436523437,2.67231884765625,True
numpy,datetime_M_4096,base,0,124.853984375,356.16440625,True
numpy,datetime_D_scalar,base,0,5.152911987304687,1.362102294921875,True
numpy,datetime_D_16,base,0,6.046753051757812,2.616553466796875,True
numpy,datetime_D_4096,base,0,171.4694375,352.6673828125,True
numpy,datetime_s_scalar,base,0,4.60501806640625,1.2994256591796876,True
numpy,datetime_s_16,base,0,5.7050758056640625,2.7108319091796873,True
numpy,datetime_s_4096,base,0,112.144078125,377.40021875,True
numpy,datetime_us_scalar,base,0,4.944698120117187,1.444053466796875,True
numpy,datetime_us_16,base,0,5.801320678710938,2.9937677001953125,True
numpy,datetime_us_4096,base,0,114.8766953125,433.2696484375,True
numpy,datetime_ns_scalar,base,0,4.844816162109375,1.73814111328125,True
numpy,datetime_ns_16,base,0,6.095902954101563,2.9487069091796876,True
numpy,datetime_ns_4096,base,0,137.182015625,543.8831171875,True
numpy,datetime_us_4096_naive_utc,base,0,128.685890625,449.753390625,True
numpy,datetime_us_4096_omit_microseconds,base,0,102.216625,394.041203125,True
numpy,datetime_us_4096_utc_z,base,0,117.8570234375,432.6266640625,True
numpy,datetime_us_4096_naive_utc_omit_microseconds,base,0,110.8812734375,428.67396875,True
numpy,datetime_us_4096_naive_utc_z,base,0,117.9415234375,443.8651015625,True
numpy,datetime_us_4096_omit_microseconds_utc_z,base,0,103.0028125,378.6308515625,True
numpy,datetime_us_4096_naive_utc_omit_microseconds_utc_z,base,0,104.389359375,382.297796875,True
numpy,datetime_us_empty,base,0,4.826955078125,1.3312950439453124,True
numpy,datetime_us_matrix,base,0,117.3328046875,445.3731484375,True
numpy,datetime_us_under_dict,base,0,119.5644140625,436.3575,True
public,loads:apache_builds,base,0,506.15856140350877,407.96118461538464,True
public,dumps:apache_builds,base,0,217.90990579710143,76.53585263157895,True
public,loads:canada,base,0,43846.547,18201.9515,True
public,dumps:canada,base,0,9463.15175,5515.014833333333,True
public,loads:citm_catalog,base,0,7520.2842,4841.039857142858,True
public,dumps:citm_catalog,base,0,2448.0770833333336,898.8405,True
public,loads:github_events,base,0,229.29319685039368,168.54177611940298,True
public,dumps:github_events,base,0,105.48212925170068,35.10276854599406,True
public,loads:google_maps_api_response,base,0,130.93988559322034,87.80416034985423,True
public,dumps:google_maps_api_response,base,0,47.39465934065934,20.19120847343645,True
public,loads:gsoc-2018,base,0,6205.851,28498.5335,True
public,dumps:gsoc-2018,base,0,3722.111,1398.6594782608697,True
public,loads:instruments,base,0,953.4462424242424,665.4077826086957,True
public,dumps:instruments,base,0,399.84169333333335,150.23948387096772,True
public,loads:marine_ik,base,0,43495.816,80087.186,True
public,dumps:marine_ik,base,0,13407.238333333335,7870.5875,True
public,loads:mesh,base,0,5278.743666666667,3864.1145555555554,True
public,dumps:mesh,base,0,2996.2554166666664,1941.4145625,True
public,loads:numbers,base,0,792.4988684210526,499.9971166666666,True
public,dumps:numbers,base,0,477.0260625,389.51436486486483,True
public,loads:random,base,0,4474.059714285714,2920.422,True
public,dumps:random,base,0,1741.5972777777777,579.1998148148149,True
public,loads:semanticscholar-corpus,base,0,104473.401,147641.584,True
public,dumps:semanticscholar-corpus,base,0,22705.081,10599.406333333334,True
public,loads:tree-pretty,base,0,170.7831208791209,100.21280310880829,True
public,dumps:tree-pretty,base,0,68.48363983050848,25.510699421965317,True
public,loads:twitter,base,0,3321.7367000000004,1911.087142857143,True
public,dumps:twitter,base,0,1300.1614583333333,426.57198630136986,True
public,loads:twitterescaped,base,0,3230.347,1934.441125,True
public,dumps:twitterescaped,base,0,1449.9912727272726,417.26622535211266,True
public,loads:update-center,base,0,2821.8225833333336,2484.478153846154,True
public,dumps:update-center,base,0,1459.1625,498.31435,True
public,loads:poet,base,0,16980.99666666667,9207.9975,True
public,dumps:poet,base,0,10763.292333333335,1613.6101578947369,True
public,loads:otfcc,base,0,2831561.946,4842152.987,True
public,dumps:otfcc,base,0,1146353.897,513674.265,True
target,offsets_1_owners_1_dates,cache1,0,1.374991455078125,0.4971339416503906,True
target,offsets_1_owners_16_dates,cache1,0,3.1432100219726564,3.203874755859375,True
target,offsets_1_owners_1024_dates,cache1,0,88.95840625,172.76885546875,True
target,offsets_2_owners_16_dates,cache1,0,3.0858658447265626,3.0113123779296873,True
target,offsets_2_owners_1024_dates,cache1,0,89.87601171875,172.8230546875,True
target,offsets_8_owners_16_dates,cache1,0,3.7753563842773437,3.042102783203125,True
target,offsets_8_owners_1024_dates,cache1,0,94.5190859375,170.8632578125,True
target,offsets_9_owners_16_dates,cache1,0,4.515236328125,2.9985538330078123,True
target,offsets_9_owners_1024_dates,cache1,0,183.25084765625,171.71644140625,True
target,offsets_64_owners_16_dates,cache1,0,4.598815063476563,3.1549964599609375,True
target,offsets_64_owners_1024_dates,cache1,0,187.654390625,174.76265625,True
target,datetime_scalar,cache1,0,1.5592574768066407,0.4645147705078125,True
target,datetime_naive,cache1,0,67.758181640625,45.837564453125,True
target,datetime_utc,cache1,0,74.653484375,161.85354296875,True
target,scalar_integer,cache1,0,0.2684566268920898,0.29208626556396483,True
target,tiny_list,cache1,0,0.3443650360107422,0.3163759078979492,True
target,tiny_dict,cache1,0,0.3894996109008789,0.3416624145507812,True
target,large_integers,cache1,0,187.21753515625,69.9120625,True
target,repeated_keys,cache1,0,115.134048828125,55.57917578125,True
target,early_dataclass,cache1,0,1.9561040649414063,0.6174085693359375,True
target,late_dataclass,cache1,0,2.3072816772460936,0.59227685546875,True
target,early_default,cache1,0,1.9334009399414063,0.6764725952148437,True
target,late_default,cache1,0,2.257899597167969,0.6946458129882812,True
target,output_255_bytes,cache1,0,0.35087789154052734,0.4211109619140625,True
target,output_256_bytes,cache1,0,0.3635939788818359,0.45623072814941407,True
target,output_257_bytes,cache1,0,0.46733981323242185,0.46331095886230467,True
target,output_511_bytes,cache1,0,0.5137652282714844,0.48204978942871096,True
target,output_512_bytes,cache1,0,0.5133496704101562,0.4580423126220703,True
target,output_513_bytes,cache1,0,0.6251829986572266,0.45968572998046875,True
target,output_1023_bytes,cache1,0,0.7769833984375,0.480099365234375,True
target,output_1024_bytes,cache1,0,0.8049602355957032,0.49047955322265624,True
target,output_1025_bytes,cache1,0,0.7715866394042968,0.47152430725097655,True
target,output_16384_bytes,cache1,0,3.2891708984375,1.3448782958984375,True
output,small,cache1,0,0.621946533203125,0.41040510559082033,True
output,medium,cache1,0,248.8296171875,131.775296875,True
output,integers,cache1,0,192.92459375,76.07376953125,True
output,floats,cache1,0,463.00653125,377.473125,True
output,strings,cache1,0,47.1078369140625,12.820947265625,True
output,escaped,cache1,0,181.85955078125,58.28387890625,True
output,long_string,cache1,0,23.31355908203125,8.2836015625,True
output,integers_wide_signed,cache1,0,362.70390625,638.9859375,True
output,integers_wide_unsigned,cache1,0,324.633609375,549.8928125,True
output,scalar_integer,cache1,0,0.27347818756103515,0.2921482162475586,True
output,integers_tiny,cache1,0,0.4005485305786133,0.33522245025634767,True
output,indent_integers,cache1,0,241.9468359375,152.8166015625,True
output,strict_integers,cache1,0,209.171859375,86.15913671875,True
output,sorted_medium,cache1,0,383.0028671875,196.6915078125,True
output,integer_keys,cache1,0,78.529361328125,62.317931640625,True
output,dataclasses,cache1,0,314.4789609375,129.9,True
output,dataclass_single,cache1,0,1.3643889770507813,0.4142514953613281,True
output,dataclass_slots_single,cache1,0,2.293366271972656,0.959978759765625,True
output,dataclass_slots,cache1,0,1103.752125,653.75221875,True
output,dataclass_nested,cache1,0,811.36365625,334.498390625,True
output,dataclass_indent,cache1,0,334.3368671875,161.988890625,True
output,dataclass_sorted,cache1,0,878.87409375,370.164609375,True
output,dataclass_default,cache1,0,468.2474921875,234.088109375,True
output,numpy_int64,cache1,0,1631.9800625,2172.8973125,True
output,numpy_float32,cache1,0,4061.993875,4722.367875,True
output,late_default,cache1,0,15.8527451171875,3.76363037109375,True
output,dataclass_fields8,cache1,0,667.7091875,293.8600625,True
output,dataclass_fields16,cache1,0,1189.96275,485.61003125,True
frontend,loads_small,cache1,0,1.0594503173828125,0.8087210998535156,True
frontend,loads_small_bytearray,cache1,0,1.0735398864746093,0.8157113952636719,True
frontend,loads_small_memoryview,cache1,0,1.1492442626953125,0.8260295715332031,True
frontend,loads_small_array_view,cache1,0,1.169219940185547,0.8121564636230468,True
frontend,loads_medium,cache1,0,552.280109375,411.098984375,True
frontend,loads_medium_bytearray,cache1,0,551.86521875,405.85959375,True
frontend,loads_medium_memoryview,cache1,0,553.98284375,405.27634375,True
frontend,loads_medium_array_view,cache1,0,550.164734375,405.539390625,True
frontend,loads_integers,cache1,0,432.909671875,321.737125,True
frontend,loads_integers_bytearray,cache1,0,437.8358828125,321.9075390625,True
frontend,loads_integers_memoryview,cache1,0,440.96021875,323.5213671875,True
frontend,loads_integers_array_view,cache1,0,436.219796875,319.8650625,True
frontend,loads_floats,cache1,0,840.60434375,529.6425625,True
frontend,loads_floats_bytearray,cache1,0,918.659515625,531.756140625,True
frontend,loads_floats_memoryview,cache1,0,895.6295625,531.0525,True
frontend,loads_floats_array_view,cache1,0,900.966,544.176859375,True
frontend,loads_strings,cache1,0,75.43688671875,60.90223046875,True
frontend,loads_strings_bytearray,cache1,0,76.1619609375,61.636232421875,True
frontend,loads_strings_memoryview,cache1,0,76.4891640625,62.271255859375,True
frontend,loads_strings_array_view,cache1,0,73.644927734375,59.735091796875,True
frontend,loads_escaped,cache1,0,433.737609375,223.9120546875,True
frontend,loads_escaped_bytearray,cache1,0,443.247,242.1277265625,True
frontend,loads_escaped_memoryview,cache1,0,441.5386171875,228.28959375,True
frontend,loads_escaped_array_view,cache1,0,438.74609375,223.228375,True
frontend,loads_long_string,cache1,0,28.494876953125,79.460359375,True
frontend,loads_long_string_bytearray,cache1,0,35.890626953125,80.091271484375,True
frontend,loads_long_string_memoryview,cache1,0,36.26883984375,80.8371640625,True
frontend,loads_long_string_array_view,cache1,0,37.24403125,84.2795625,True
frontend,dumps_root_empty,cache1,0,0.2694253845214844,0.29463646697998047,True
frontend,loads_root_empty,cache1,0,0.23938491821289062,0.1653493118286133,True
frontend,dumps_root_tiny,cache1,0,0.267567741394043,0.27002874755859374,True
frontend,loads_root_tiny,cache1,0,0.2777774505615234,0.3402216262817383,True
frontend,dumps_root_below_threshold,cache1,0,0.45766983795166016,0.4307877426147461,True
frontend,loads_root_below_threshold,cache1,0,0.3248610992431641,0.45517291259765624,True
frontend,dumps_root_at_threshold,cache1,0,0.29460943603515627,0.4707149658203125,True
frontend,loads_root_at_threshold,cache1,0,0.35310951232910154,0.46393988037109374,True
frontend,dumps_root_medium,cache1,0,0.8355708770751953,0.614057373046875,True
frontend,loads_root_medium,cache1,0,1.1470845947265624,2.4381181030273438,True
frontend,dumps_root_long,cache1,0,22.0362666015625,7.63657666015625,True
frontend,loads_root_long,cache1,0,26.16182421875,73.45987109375,True
frontend,dumps_root_early_quote,cache1,0,25.876521484375,7.76246240234375,True
frontend,loads_root_early_quote,cache1,0,33.367927734375,88.374318359375,True
frontend,dumps_root_late_quote,cache1,0,25.61452685546875,7.57802001953125,True
frontend,loads_root_late_quote,cache1,0,33.096052734375,73.708833984375,True
frontend,dumps_root_dense_escapes,cache1,0,130.3720859375,325.8955546875,True
frontend,loads_root_dense_escapes,cache1,0,185.09384765625,150.7998046875,True
frontend,dumps_root_latin1,cache1,0,211.31612109375,7.65139453125,True
frontend,loads_root_latin1,cache1,0,256.19478125,191.211203125,True
frontend,dumps_root_bmp,cache1,0,206.05801953125,8.5191796875,True
frontend,loads_root_bmp,cache1,0,228.2940859375,148.3044453125,True
frontend,dumps_root_non_bmp,cache1,0,158.51951953125,7.89757421875,True
frontend,loads_root_non_bmp,cache1,0,204.5962890625,133.88950390625,True
frontend,dumps_root_append_newline,cache1,0,26.29376123046875,8.04873779296875,True
frontend,dumps_root_indent,cache1,0,20.52618896484375,7.66548681640625,True
frontend,loads_escaped_values,cache1,0,103.85073046875,58.55092578125,True
frontend,loads_unicode_escapes,cache1,0,296.7022421875,76.3379609375,True
frontend,loads_repeated_escaped_keys,cache1,0,227.91883203125,146.80264453125,True
frontend,loads_unique_escaped_keys,cache1,0,141.778828125,68.888625,True
numbers,loads_small,cache1,0,0.6243995666503906,0.44336552429199216,True
numbers,loads_medium,cache1,0,525.161109375,346.711953125,True
numbers,loads_integers,cache1,0,442.460125,321.047078125,True
numbers,loads_random_small,cache1,0,546.180125,413.4695,True
numbers,loads_wide_signed,cache1,0,769.416078125,658.9026875,True
numbers,loads_wide_unsigned,cache1,0,664.84821875,495.96946875,True
numbers,loads_mixed_integers,cache1,0,824.2124375,687.562125,True
numbers,loads_tiny_integers,cache1,0,0.38969175720214844,0.38256488800048827,True
numbers,loads_scalar_integer,cache1,0,0.13992977142333984,0.21718626022338866,True
numbers,loads_floats,cache1,0,864.94515625,517.202203125,True
numbers,loads_float_bits,cache1,0,1294.90778125,786.5886875,True
numbers,loads_overflow_integers,cache1,0,1609.031375,1124.8255,True
numbers,loads_long_fractions,cache1,0,1308.96265625,796.28715625,True
numbers,loads_zero_forms,cache1,0,0.6236266784667969,0.3881732635498047,True
numbers,dumps_small,cache1,0,0.3279464340209961,0.22506267547607423,True
numbers,dumps_medium,cache1,0,206.0869140625,117.07276953125,True
numbers,dumps_integers,cache1,0,208.333421875,77.63930078125,True
numbers,dumps_random_small,cache1,0,269.2301328125,153.357375,True
numbers,dumps_wide_signed,cache1,0,398.206546875,672.912765625,True
numbers,dumps_wide_unsigned,cache1,0,376.41509375,609.853,True
numbers,dumps_mixed_integers,cache1,0,400.85728125,654.59534375,True
numbers,dumps_tiny_integers,cache1,0,0.24432831573486327,0.1937615280151367,True
numbers,dumps_scalar_integer,cache1,0,0.14374481582641602,0.16649282836914062,True
numbers,dumps_floats,cache1,0,467.549875,380.39946875,True
numbers,dumps_float_bits,cache1,0,497.076984375,401.751859375,True
strings,loads/short_plain/bytes,cache1,0,0.158589599609375,0.22207994842529297,True
strings,loads/short_plain/bytearray,cache1,0,0.19277408599853516,0.22872271728515625,True
strings,loads/short_plain/memoryview,cache1,0,0.2804279327392578,0.22537547302246094,True
strings,loads/short_plain/array_view,cache1,0,0.27673658752441405,0.2225633087158203,True
strings,dumps/short_plain/object,cache1,0,0.14229082870483398,0.16587121963500975,True
strings,loads/short_escaped/bytes,cache1,0,0.24615348052978517,0.22767777252197266,True
strings,loads/short_escaped/bytearray,cache1,0,0.26477684020996095,0.22715003967285155,True
strings,loads/short_escaped/memoryview,cache1,0,0.35653832244873046,0.23098487091064454,True
strings,loads/short_escaped/array_view,cache1,0,0.35195623779296875,0.23150660705566406,True
strings,dumps/short_escaped/object,cache1,0,0.1598981590270996,0.17977099990844728,True
strings,loads/plain_values/bytes,cache1,0,70.9776796875,58.653845703125,True
strings,loads/plain_values/bytearray,cache1,0,71.6432734375,57.4163046875,True
strings,loads/plain_values/memoryview,cache1,0,72.1638203125,56.7109375,True
strings,loads/plain_values/array_view,cache1,0,74.1817890625,58.186728515625,True
strings,dumps/plain_values/object,cache1,0,45.5423056640625,11.777138671875,True
strings,loads/escaped_values/bytes,cache1,0,121.35933984375,63.7933359375,True
strings,loads/escaped_values/bytearray,cache1,0,139.42146484375,64.68442578125,True
strings,loads/escaped_values/memoryview,cache1,0,139.424875,66.0635390625,True
strings,loads/escaped_values/array_view,cache1,0,126.14542578125,63.57283984375,True
strings,dumps/escaped_values/object,cache1,0,69.92149609375,32.008689453125,True
strings,loads/unicode_escapes/bytes,cache1,0,292.9401328125,92.6212109375,True
strings,loads/unicode_escapes/bytearray,cache1,0,291.9015546875,79.1846171875,True
strings,loads/unicode_escapes/memoryview,cache1,0,305.7658125,80.419328125,True
strings,loads/unicode_escapes/array_view,cache1,0,290.701078125,77.99684375,True
strings,dumps/unicode_escapes/object,cache1,0,68.530275390625,10.134703125,True
strings,loads/escaped_keys/bytes,cache1,0,570.635015625,291.623625,True
strings,loads/escaped_keys/bytearray,cache1,0,575.703640625,288.687390625,True
strings,loads/escaped_keys/memoryview,cache1,0,573.093796875,292.07575,True
strings,loads/escaped_keys/array_view,cache1,0,615.743921875,295.191375,True
strings,dumps/escaped_keys/object,cache1,0,176.62728515625,76.184453125,True
strings,loads/unique_keys/bytes,cache1,0,171.08894140625,83.99727734375,True
strings,loads/unique_keys/bytearray,cache1,0,171.52080859375,85.99951171875,True
strings,loads/unique_keys/memoryview,cache1,0,176.27784765625,98.209375,True
strings,loads/unique_keys/array_view,cache1,0,174.99688671875,85.72584375,True
strings,dumps/unique_keys/object,cache1,0,52.6742294921875,22.8014091796875,True
strings,loads/long_plain/bytes,cache1,0,28.624994140625,80.5779140625,True
strings,loads/long_plain/bytearray,cache1,0,36.075833984375,81.837857421875,True
strings,loads/long_plain/memoryview,cache1,0,36.674302734375,81.584416015625,True
strings,loads/long_plain/array_view,cache1,0,37.972158203125,82.004677734375,True
strings,dumps/long_plain/object,cache1,0,30.12289990234375,9.1592822265625,True
strings,loads/long_escaped/bytes,cache1,0,107.8040625,103.490421875,True
strings,loads/long_escaped/bytearray,cache1,0,115.547224609375,103.04983203125,True
strings,loads/long_escaped/memoryview,cache1,0,111.366349609375,101.228607421875,True
strings,loads/long_escaped/array_view,cache1,0,110.980458984375,102.673033203125,True
strings,dumps/long_escaped/object,cache1,0,85.4423828125,91.761423828125,True
strings,loads/late_escape/bytes,cache1,0,36.843828125,81.75509765625,True
strings,loads/late_escape/bytearray,cache1,0,42.403453125,82.54883203125,True
strings,loads/late_escape/memoryview,cache1,0,41.66901171875,81.85076953125,True
strings,loads/late_escape/array_view,cache1,0,41.66696875,83.3550625,True
strings,dumps/late_escape/object,cache1,0,28.9910166015625,8.35816796875,True
strings,loads/medium/bytes,cache1,0,565.04871875,414.78215625,True
strings,loads/medium/bytearray,cache1,0,557.734375,409.617359375,True
strings,loads/medium/memoryview,cache1,0,566.650609375,428.4269375,True
strings,loads/medium/array_view,cache1,0,562.456015625,412.51315625,True
strings,dumps/medium/object,cache1,0,233.34015625,136.3833359375,True
strings,loads/integers/bytes,cache1,0,433.6089921875,317.615671875,True
strings,loads/integers/bytearray,cache1,0,438.80334375,322.4770859375,True
strings,loads/integers/memoryview,cache1,0,440.5261953125,319.785171875,True
strings,loads/integers/array_view,cache1,0,441.4591015625,321.67971875,True
strings,dumps/integers/object,cache1,0,192.51380078125,74.202734375,True
dates,datetime_naive_scalar,cache1,0,0.9867044982910156,0.33146124267578125,True
dates,datetime_naive_16,cache1,0,2.469482177734375,1.0244288940429687,True
dates,datetime_naive_1024,cache1,0,69.88051953125,53.384615234375,True
dates,datetime_utc_scalar,cache1,0,1.0031093139648437,0.4583038635253906,True
dates,datetime_utc_16,cache1,0,2.588219482421875,3.017814208984375,True
dates,datetime_utc_1024,cache1,0,78.6518671875,178.994234375,True
dates,datetime_fixed_offset_scalar,cache1,0,1.6381254272460937,0.4659024658203125,True
dates,datetime_fixed_offset_16,cache1,0,3.3268922119140627,3.1578831787109376,True
dates,datetime_fixed_offset_1024,cache1,0,90.31041796875,181.961234375,True
dates,date_scalar,cache1,0,0.9690404357910156,0.2822455139160156,True
dates,date_16,cache1,0,1.792166778564453,0.7203628540039062,True
dates,date_1024,cache1,0,45.7710439453125,28.1723623046875,True
dates,time_scalar,cache1,0,0.9735762939453125,0.28663519287109374,True
dates,time_16,cache1,0,2.3483736572265625,0.903392822265625,False
dates,time_1024,cache1,0,69.459388671875,44.8677734375,False
dates,datetime_naive_1024_zero_microseconds,cache1,0,59.417021484375,41.699419921875,True
dates,datetime_utc_1024_zero_microseconds,cache1,0,102.48501171875,156.79392578125,True
dates,time_1024_zero_microseconds,cache1,0,60.805859375,36.484642578125,True
dates,datetime_naive_1024_naive_utc,cache1,0,74.490119140625,56.057103515625,True
dates,datetime_naive_1024_omit_microseconds,cache1,0,61.881986328125,41.98965234375,True
dates,datetime_naive_1024_utc_z,cache1,0,70.0541796875,53.4448671875,True
dates,datetime_naive_1024_naive_utc_omit_microseconds,cache1,0,63.3138515625,43.931720703125,True
dates,datetime_naive_1024_naive_utc_z,cache1,0,70.59858984375,54.577509765625,True
dates,datetime_naive_1024_omit_microseconds_utc_z,cache1,0,63.22651953125,41.19692578125,True
dates,datetime_naive_1024_naive_utc_omit_microseconds_utc_z,cache1,0,61.97215234375,45.3516328125,True
dates,datetime_utc_1024_omit_microseconds,cache1,0,65.8738046875,156.29008984375,True
dates,datetime_utc_1024_utc_z,cache1,0,76.94609375,175.13051953125,True
dates,datetime_utc_1024_omit_microseconds_utc_z,cache1,0,65.14072265625,156.79063671875,True
dates,time_1024_omit_microseconds,cache1,0,61.67758984375,36.31629296875,True
dates,date_1024_options,cache1,0,46.520630859375,28.723251953125,True
dates,dates_under_dict,cache1,0,189.68975,242.3458046875,False
dates,dataclass_dates,cache1,0,352.7987109375,319.7490703125,True
dates,datetime_passthrough,cache1,0,1467.8963125,1077.28653125,True
dates,datetime_subclass,cache1,0,1216.20934375,1147.15153125,True
dates,datetime_named_zero_offset_1024,cache1,0,81.790015625,172.63891015625,True
dates,datetime_negative_offset_1024,cache1,0,90.530375,185.7336328125,True
dates,datetime_seconds_offset_1024,cache1,0,91.39164453125,182.42940625,True
dates,uuid_scalar_control,cache1,0,1.0329608154296874,0.3548661499023438,True
dates,uuid_list_control,cache1,0,122.5502265625,70.34528515625,True
dates,dict_control,cache1,0,0.4678842620849609,0.35840582275390626,True
dates,list_control,cache1,0,19.97984765625,7.37121923828125,True
dates,string_control,cache1,0,0.2772291488647461,0.2863858108520508,True
dates,dataclass_control,cache1,0,317.2968671875,134.353875,True
numpy,datetime_Y_scalar,cache1,0,4.340664672851562,1.2711485595703125,True
numpy,datetime_Y_16,cache1,0,5.568491455078125,2.5416904296875,True
numpy,datetime_Y_4096,cache1,0,122.40603125,304.7948671875,True
numpy,datetime_M_scalar,cache1,0,4.439134887695312,1.31557177734375,True
numpy,datetime_M_16,cache1,0,5.603264282226562,2.7702149658203123,True
numpy,datetime_M_4096,cache1,0,136.8611484375,368.177109375,True
numpy,datetime_D_scalar,cache1,0,4.439399780273438,1.3552974853515625,True
numpy,datetime_D_16,cache1,0,6.091689575195312,2.716568603515625,True
numpy,datetime_D_4096,cache1,0,159.537390625,348.48809375,True
numpy,datetime_s_scalar,cache1,0,4.343310424804687,1.276563720703125,True
numpy,datetime_s_16,cache1,0,5.53597265625,2.7941650390625,True
numpy,datetime_s_4096,cache1,0,111.2432109375,364.5080546875,True
numpy,datetime_us_scalar,cache1,0,4.479669921875,1.3758568115234375,True
numpy,datetime_us_16,cache1,0,5.7170166015625,2.990107666015625,True
numpy,datetime_us_4096,cache1,0,126.5704609375,478.2941484375,True
numpy,datetime_ns_scalar,cache1,0,4.479104614257812,1.37119677734375,True
numpy,datetime_ns_16,cache1,0,5.725530883789062,3.0082757568359373,True
numpy,datetime_ns_4096,cache1,0,127.84496875,426.00153125,True
numpy,datetime_us_4096_naive_utc,cache1,0,122.35659375,430.48715625,True
numpy,datetime_us_4096_omit_microseconds,cache1,0,103.9516796875,381.8227890625,True
numpy,datetime_us_4096_utc_z,cache1,0,115.64890625,429.7081328125,True
numpy,datetime_us_4096_naive_utc_omit_microseconds,cache1,0,110.9122109375,392.282984375,True
numpy,datetime_us_4096_naive_utc_z,cache1,0,137.9618125,449.446609375,True
numpy,datetime_us_4096_omit_microseconds_utc_z,cache1,0,104.102921875,378.489734375,True
numpy,datetime_us_4096_naive_utc_omit_microseconds_utc_z,cache1,0,109.78084375,380.9592109375,True
numpy,datetime_us_empty,cache1,0,4.7495390625,1.309838623046875,True
numpy,datetime_us_matrix,cache1,0,117.065046875,434.7888515625,True
numpy,datetime_us_under_dict,cache1,0,118.626859375,428.2114453125,True
public,loads:apache_builds,cache1,0,475.82165079365075,395.4480779220779,True
public,dumps:apache_builds,cache1,0,207.89895172413793,73.80302481389579,True
public,loads:canada,cache1,0,35863.605,19496.863,True
public,dumps:canada,cache1,0,9306.825333333334,5264.976166666667,True
public,loads:citm_catalog,cache1,0,7339.1472,4806.436571428572,True
public,dumps:citm_catalog,cache1,0,2308.6315384615386,917.9153235294118,True
public,loads:github_events,cache1,0,262.53721008403363,180.20344099378883,True
public,dumps:github_events,cache1,0,107.62506849315068,31.214810032017073,True
public,loads:google_maps_api_response,cache1,0,129.15966355140188,89.81654954954955,True
public,dumps:google_maps_api_response,cache1,0,47.92212836767037,20.43825939849624,True
public,loads:gsoc-2018,cache1,0,6757.1312,28613.5095,True
public,dumps:gsoc-2018,cache1,0,3891.273857142857,1377.82865,True
public,loads:instruments,cache1,0,1072.4224375,667.6185306122449,True
public,dumps:instruments,cache1,0,459.7443506493507,151.21884,True
public,loads:marine_ik,cache1,0,43470.397,79306.491,True
public,dumps:marine_ik,cache1,0,11893.445666666667,7265.567400000001,True
public,loads:mesh,cache1,0,5075.495,3552.169777777778,True
public,dumps:mesh,cache1,0,2732.321,1890.4048666666667,True
public,loads:numbers,cache1,0,803.1437777777777,505.42373214285715,True
public,dumps:numbers,cache1,0,491.85088709677416,393.8235714285714,True
public,loads:random,cache1,0,4536.045,2945.701,True
public,dumps:random,cache1,0,1711.697,561.3920181818182,True
public,loads:semanticscholar-corpus,cache1,0,111442.15,169195.642,True
public,dumps:semanticscholar-corpus,cache1,0,25350.3005,11347.720666666666,True
public,loads:tree-pretty,cache1,0,161.97662162162163,103.86391482649843,True
public,dumps:tree-pretty,cache1,0,66.657355,25.204977649006622,True
public,loads:twitter,cache1,0,3227.2318,1937.5295333333333,True
public,dumps:twitter,cache1,0,1395.5562272727273,413.95914864864864,True
public,loads:twitterescaped,cache1,0,3250.4686,2089.8174666666664,True
public,dumps:twitterescaped,cache1,0,1542.3432608695653,435.2555571428572,True
public,loads:update-center,cache1,0,2803.6030833333334,2533.048,True
public,dumps:update-center,cache1,0,1680.9025714285713,526.2223448275862,True
public,loads:poet,cache1,0,19314.923,13901.791,True
public,dumps:poet,cache1,0,15218.7465,2435.323428571429,True
public,loads:otfcc,cache1,0,2811790.528,4801355.843,True
public,dumps:otfcc,cache1,0,1126052.6,538839.201,True
target,offsets_1_owners_1_dates,cache2,0,1.29313671875,0.4756241149902344,True
target,offsets_1_owners_16_dates,cache2,0,3.0325001220703127,3.2316827392578125,True
target,offsets_1_owners_1024_dates,cache2,0,94.13137890625,162.1807734375,True
target,offsets_2_owners_16_dates,cache2,0,2.992600341796875,2.930990173339844,True
target,offsets_2_owners_1024_dates,cache2,0,93.49440234375,171.10693359375,True
target,offsets_8_owners_16_dates,cache2,0,3.6774295654296876,2.93442626953125,True
target,offsets_8_owners_1024_dates,cache2,0,97.254171875,169.0705859375,True
target,offsets_9_owners_16_dates,cache2,0,4.196855834960937,2.9342452392578124,True
target,offsets_9_owners_1024_dates,cache2,0,133.65423828125,167.62053125,True
target,offsets_64_owners_16_dates,cache2,0,4.297536254882813,3.02035009765625,True
target,offsets_64_owners_1024_dates,cache2,0,138.05521875,172.35602734375,True
target,datetime_scalar,cache2,0,1.0351504211425782,0.4649315185546875,True
target,datetime_naive,cache2,0,75.13651171875,44.52083984375,True
target,datetime_utc,cache2,0,80.8519609375,160.81864453125,True
target,scalar_integer,cache2,0,0.2596828155517578,0.28929930114746094,True
target,tiny_list,cache2,0,0.3274178924560547,0.3126026077270508,True
target,tiny_dict,cache2,0,0.3754870300292969,0.3369674453735352,True
target,large_integers,cache2,0,210.02806640625,69.50398046875,True
target,repeated_keys,cache2,0,105.006138671875,53.420650390625,True
target,early_dataclass,cache2,0,1.8744168090820312,0.5334324340820312,True
target,late_dataclass,cache2,0,2.3168591918945314,0.58901025390625,True
target,early_default,cache2,0,1.909982666015625,0.6593460693359375,True
target,late_default,cache2,0,2.3180382080078124,0.6702476806640625,True
target,output_255_bytes,cache2,0,0.3663026351928711,0.4556599807739258,True
target,output_256_bytes,cache2,0,0.36773079681396487,0.43733390045166015,True
target,output_257_bytes,cache2,0,0.4841936187744141,0.42805612182617186,True
target,output_511_bytes,cache2,0,0.5017204895019531,0.4411484832763672,True
target,output_512_bytes,cache2,0,0.5067427368164062,0.4276256408691406,True
target,output_513_bytes,cache2,0,0.640523422241211,0.45645645141601565,True
target,output_1023_bytes,cache2,0,0.7944318542480469,0.4439288635253906,True
target,output_1024_bytes,cache2,0,0.8582722015380859,0.5361784057617187,True
target,output_1025_bytes,cache2,0,0.8030706329345703,0.4694078369140625,True
target,output_16384_bytes,cache2,0,3.3234263916015623,1.41447705078125,True
output,small,cache2,0,0.6300040435791016,0.43637060546875,True
output,medium,cache2,0,235.4504921875,132.07028125,True
output,integers,cache2,0,214.89885546875,76.18808203125,True
output,floats,cache2,0,451.739109375,369.0531328125,True
output,strings,cache2,0,47.575064453125,13.175138671875,True
output,escaped,cache2,0,177.9596796875,58.71159375,True
output,long_string,cache2,0,31.86026171875,8.586958984375,True
output,integers_wide_signed,cache2,0,365.598953125,662.366234375,True
output,integers_wide_unsigned,cache2,0,325.804765625,534.948609375,True
output,scalar_integer,cache2,0,0.27272945404052734,0.2811730422973633,True
output,integers_tiny,cache2,0,0.4315028533935547,0.34611045837402343,True
output,indent_integers,cache2,0,294.5963515625,154.9483828125,True
output,strict_integers,cache2,0,217.18666796875,73.542,True
output,sorted_medium,cache2,0,373.4068828125,195.271453125,True
output,integer_keys,cache2,0,71.62284765625,60.4939609375,True
output,dataclasses,cache2,0,301.688671875,126.509953125,True
output,dataclass_single,cache2,0,1.390980743408203,0.41655615234375,True
output,dataclass_slots_single,cache2,0,2.27573095703125,0.9611473999023438,True
output,dataclass_slots,cache2,0,1036.662,638.29503125,True
output,dataclass_nested,cache2,0,829.059078125,331.02771875,True
output,dataclass_indent,cache2,0,340.693421875,160.2011328125,True
output,dataclass_sorted,cache2,0,896.809140625,399.052,True
output,dataclass_default,cache2,0,439.3898671875,228.5854453125,True
output,numpy_int64,cache2,0,1667.8431875,2357.1165,True
output,numpy_float32,cache2,0,4097.716625,4721.150625,True
output,late_default,cache2,0,16.1550556640625,3.88900390625,True
output,dataclass_fields8,cache2,0,646.0538125,286.654671875,True
output,dataclass_fields16,cache2,0,1178.01953125,485.6850625,True
frontend,loads_small,cache2,0,1.0270799865722657,0.810205322265625,True
frontend,loads_small_bytearray,cache2,0,1.0704187316894531,0.8256258239746094,True
frontend,loads_small_memoryview,cache2,0,1.1841027221679687,0.8257603759765625,True
frontend,loads_small_array_view,cache2,0,1.1837118225097656,0.8122076110839844,True
frontend,loads_medium,cache2,0,553.14346875,432.59515625,True
frontend,loads_medium_bytearray,cache2,0,556.78396875,413.052546875,True
frontend,loads_medium_memoryview,cache2,0,554.00825,423.7800625,True
frontend,loads_medium_array_view,cache2,0,548.443796875,411.63403125,True
frontend,loads_integers,cache2,0,444.4974765625,318.6886953125,True
frontend,loads_integers_bytearray,cache2,0,446.57721875,324.609703125,True
frontend,loads_integers_memoryview,cache2,0,452.8710390625,319.36178125,True
frontend,loads_integers_array_view,cache2,0,446.549125,324.0128671875,True
frontend,loads_floats,cache2,0,807.360328125,522.269375,True
frontend,loads_floats_bytearray,cache2,0,810.335109375,518.92790625,True
frontend,loads_floats_memoryview,cache2,0,808.0091875,519.656703125,True
frontend,loads_floats_array_view,cache2,0,805.8085625,519.540203125,True
frontend,loads_strings,cache2,0,71.11826953125,58.6605,True
frontend,loads_strings_bytearray,cache2,0,72.18981640625,58.60010546875,True
frontend,loads_strings_memoryview,cache2,0,72.879947265625,58.667654296875,True
frontend,loads_strings_array_view,cache2,0,72.44215625,58.736935546875,True
frontend,loads_escaped,cache2,0,424.2306640625,219.773515625,True
frontend,loads_escaped_bytearray,cache2,0,428.6396875,221.5665703125,True
frontend,loads_escaped_memoryview,cache2,0,426.860328125,220.0497734375,True
frontend,loads_escaped_array_view,cache2,0,426.6069921875,220.2998359375,True
frontend,loads_long_string,cache2,0,27.24329296875,79.206583984375,True
frontend,loads_long_string_bytearray,cache2,0,34.716900390625,79.07075390625,True
frontend,loads_long_string_memoryview,cache2,0,34.8447109375,79.432673828125,True
frontend,loads_long_string_array_view,cache2,0,34.813662109375,78.68051171875,True
frontend,dumps_root_empty,cache2,0,0.24467518615722655,0.2680769271850586,True
frontend,loads_root_empty,cache2,0,0.23831617736816407,0.16323572540283204,True
frontend,dumps_root_tiny,cache2,0,0.26128750610351564,0.26826025390625,True
frontend,loads_root_tiny,cache2,0,0.2843632659912109,0.3333771438598633,True
frontend,dumps_root_below_threshold,cache2,0,0.4503576965332031,0.448166130065918,True
frontend,loads_root_below_threshold,cache2,0,0.33795030212402344,0.4972193145751953,True
frontend,dumps_root_at_threshold,cache2,0,0.2636664352416992,0.4149994049072266,True
frontend,loads_root_at_threshold,cache2,0,0.3175989685058594,0.4335004425048828,True
frontend,dumps_root_medium,cache2,0,0.8522978210449219,0.6108005065917969,True
frontend,loads_root_medium,cache2,0,1.0466070556640625,2.4477963256835937,True
frontend,dumps_root_long,cache2,0,22.9841455078125,7.5901220703125,True
frontend,loads_root_long,cache2,0,25.491044921875,73.951662109375,True
frontend,dumps_root_early_quote,cache2,0,25.3861171875,7.55233544921875,True
frontend,loads_root_early_quote,cache2,0,32.0194765625,87.281595703125,True
frontend,dumps_root_late_quote,cache2,0,25.7914619140625,7.6404970703125,True
frontend,loads_root_late_quote,cache2,0,33.331984375,73.4296328125,True
frontend,dumps_root_dense_escapes,cache2,0,115.201984375,324.3019921875,True
frontend,loads_root_dense_escapes,cache2,0,205.89470703125,152.2156640625,True
frontend,dumps_root_latin1,cache2,0,210.79530078125,8.6211171875,True
frontend,loads_root_latin1,cache2,0,242.4033046875,185.593390625,True
frontend,dumps_root_bmp,cache2,0,202.13803125,7.7312421875,True
frontend,loads_root_bmp,cache2,0,227.87280078125,146.87530078125,True
frontend,dumps_root_non_bmp,cache2,0,187.99964453125,9.12965625,True
frontend,loads_root_non_bmp,cache2,0,204.10368359375,135.14378125,True
frontend,dumps_root_append_newline,cache2,0,22.0911044921875,7.4198779296875,True
frontend,dumps_root_indent,cache2,0,21.5456220703125,7.691244140625,True
frontend,loads_escaped_values,cache2,0,104.276822265625,60.273927734375,True
frontend,loads_unicode_escapes,cache2,0,291.0750546875,77.7045859375,True
frontend,loads_repeated_escaped_keys,cache2,0,219.64103515625,145.91323046875,True
frontend,loads_unique_escaped_keys,cache2,0,136.38885546875,67.67994921875,True
numbers,loads_small,cache2,0,0.6381949005126953,0.4749750213623047,True
numbers,loads_medium,cache2,0,470.28109375,336.095203125,True
numbers,loads_integers,cache2,0,458.093953125,321.949921875,True
numbers,loads_random_small,cache2,0,540.833859375,408.371140625,True
numbers,loads_wide_signed,cache2,0,769.375546875,659.29321875,True
numbers,loads_wide_unsigned,cache2,0,671.131859375,503.597734375,True
numbers,loads_mixed_integers,cache2,0,772.46709375,642.851578125,True
numbers,loads_tiny_integers,cache2,0,0.3755584716796875,0.3423050994873047,True
numbers,loads_scalar_integer,cache2,0,0.13654105758666993,0.22820518493652345,True
numbers,loads_floats,cache2,0,878.2018125,559.530890625,True
numbers,loads_float_bits,cache2,0,1265.0531875,787.4915625,True
numbers,loads_overflow_integers,cache2,0,1549.263,1104.069125,True
numbers,loads_long_fractions,cache2,0,1351.0855625,792.5211875,True
numbers,loads_zero_forms,cache2,0,0.5958458099365235,0.3810088500976562,True
numbers,dumps_small,cache2,0,0.31558575439453124,0.22311807250976562,True
numbers,dumps_medium,cache2,0,189.641875,112.1579609375,True
numbers,dumps_integers,cache2,0,206.81481640625,70.528046875,True
numbers,dumps_random_small,cache2,0,275.6673046875,143.544921875,True
numbers,dumps_wide_signed,cache2,0,383.855640625,637.094953125,True
numbers,dumps_wide_unsigned,cache2,0,321.280890625,554.01703125,True
numbers,dumps_mixed_integers,cache2,0,404.69846875,629.00690625,True
numbers,dumps_tiny_integers,cache2,0,0.24259538269042968,0.19041934204101563,True
numbers,dumps_scalar_integer,cache2,0,0.14005728149414062,0.15707191848754884,True
numbers,dumps_floats,cache2,0,440.3033828125,362.5088046875,True
numbers,dumps_float_bits,cache2,0,452.1198984375,370.9852578125,True
strings,loads/short_plain/bytes,cache2,0,0.1561231460571289,0.2065262565612793,True
strings,loads/short_plain/bytearray,cache2,0,0.18133438873291016,0.21399098205566405,True
strings,loads/short_plain/memoryview,cache2,0,0.27039193725585936,0.2188878402709961,True
strings,loads/short_plain/array_view,cache2,0,0.2731662826538086,0.2175042495727539,True
strings,dumps/short_plain/object,cache2,0,0.13825676345825194,0.1617181625366211,True
strings,loads/short_escaped/bytes,cache2,0,0.23553548431396484,0.22018618774414062,True
strings,loads/short_escaped/bytearray,cache2,0,0.26189000701904297,0.22500628662109376,True
strings,loads/short_escaped/memoryview,cache2,0,0.35332088470458983,0.2352116928100586,True
strings,loads/short_escaped/array_view,cache2,0,0.351511604309082,0.23210317993164062,True
strings,dumps/short_escaped/object,cache2,0,0.16559609985351562,0.17202607345581056,True
strings,loads/plain_values/bytes,cache2,0,71.3497421875,59.181951171875,True
strings,loads/plain_values/bytearray,cache2,0,72.969486328125,58.86640625,True
strings,loads/plain_values/memoryview,cache2,0,73.26684375,59.226283203125,True
strings,loads/plain_values/array_view,cache2,0,74.17032421875,59.625052734375,True
strings,dumps/plain_values/object,cache2,0,47.2368505859375,12.2368759765625,True
strings,loads/escaped_values/bytes,cache2,0,124.128765625,64.7857421875,True
strings,loads/escaped_values/bytearray,cache2,0,124.1487421875,64.03572265625,True
strings,loads/escaped_values/memoryview,cache2,0,132.80634375,63.79589453125,True
strings,loads/escaped_values/array_view,cache2,0,125.9311015625,64.9244765625,True
strings,dumps/escaped_values/object,cache2,0,64.293478515625,32.503791015625,True
strings,loads/unicode_escapes/bytes,cache2,0,387.2680703125,83.3020078125,True
strings,loads/unicode_escapes/bytearray,cache2,0,384.3581953125,85.4028671875,True
strings,loads/unicode_escapes/memoryview,cache2,0,371.811203125,79.9106875,True
strings,loads/unicode_escapes/array_view,cache2,0,385.696171875,81.5529140625,True
strings,dumps/unicode_escapes/object,cache2,0,68.1210234375,10.646330078125,True
strings,loads/escaped_keys/bytes,cache2,0,647.66559375,297.226640625,True
strings,loads/escaped_keys/bytearray,cache2,0,623.206484375,301.271390625,True
strings,loads/escaped_keys/memoryview,cache2,0,656.2711875,298.35628125,True
strings,loads/escaped_keys/array_view,cache2,0,654.309203125,293.9484375,True
strings,dumps/escaped_keys/object,cache2,0,165.69741015625,77.3073515625,True
strings,loads/unique_keys/bytes,cache2,0,174.17516796875,86.08303515625,True
strings,loads/unique_keys/bytearray,cache2,0,166.27008203125,84.03800390625,True
strings,loads/unique_keys/memoryview,cache2,0,164.8649296875,81.92338671875,True
strings,loads/unique_keys/array_view,cache2,0,167.18273046875,84.897046875,True
strings,dumps/unique_keys/object,cache2,0,48.04457421875,20.880490234375,True
strings,loads/long_plain/bytes,cache2,0,26.181955078125,78.184376953125,True
strings,loads/long_plain/bytearray,cache2,0,35.66356640625,78.605068359375,True
strings,loads/long_plain/memoryview,cache2,0,35.993326171875,79.33378125,True
strings,loads/long_plain/array_view,cache2,0,35.0591328125,81.38184765625,True
strings,dumps/long_plain/object,cache2,0,30.0749052734375,8.43843310546875,True
strings,loads/long_escaped/bytes,cache2,0,108.101951171875,102.413818359375,True
strings,loads/long_escaped/bytearray,cache2,0,116.15310546875,102.62075390625,True
strings,loads/long_escaped/memoryview,cache2,0,112.826693359375,100.052326171875,True
strings,loads/long_escaped/array_view,cache2,0,113.226916015625,101.329388671875,True
strings,dumps/long_escaped/object,cache2,0,84.40440625,91.67033203125,True
strings,loads/late_escape/bytes,cache2,0,35.597537109375,81.441458984375,True
strings,loads/late_escape/bytearray,cache2,0,40.872734375,82.520046875,True
strings,loads/late_escape/memoryview,cache2,0,40.156984375,80.6456328125,True
strings,loads/late_escape/array_view,cache2,0,42.873484375,85.124046875,True
strings,dumps/late_escape/object,cache2,0,30.099203125,8.38337109375,True
strings,loads/medium/bytes,cache2,0,527.22278125,381.679171875,True
strings,loads/medium/bytearray,cache2,0,551.114515625,396.716328125,True
strings,loads/medium/memoryview,cache2,0,542.450796875,407.925828125,True
strings,loads/medium/array_view,cache2,0,618.259765625,414.443796875,True
strings,dumps/medium/object,cache2,0,276.7581796875,133.447796875,True
strings,loads/integers/bytes,cache2,0,445.034546875,320.4880625,True
strings,loads/integers/bytearray,cache2,0,422.996765625,308.835734375,True
strings,loads/integers/memoryview,cache2,0,505.172125,334.293390625,True
strings,loads/integers/array_view,cache2,0,510.000625,344.6541875,True
strings,dumps/integers/object,cache2,0,213.97118359375,71.538328125,True
dates,datetime_naive_scalar,cache2,0,1.0630375671386718,0.3185894470214844,True
dates,datetime_naive_16,cache2,0,2.455745178222656,1.0312221069335938,True
dates,datetime_naive_1024,cache2,0,76.5675546875,56.6333359375,True
dates,datetime_utc_scalar,cache2,0,1.1100856628417968,0.4791041564941406,True
dates,datetime_utc_16,cache2,0,2.746410400390625,3.0645651245117187,True
dates,datetime_utc_1024,cache2,0,83.67934765625,172.92961328125,True
dates,datetime_fixed_offset_scalar,cache2,0,1.1059852905273437,0.45692593383789065,True
dates,datetime_fixed_offset_16,cache2,0,3.570473388671875,3.345921875,True
dates,datetime_fixed_offset_1024,cache2,0,101.13697265625,192.0145078125,True
dates,date_scalar,cache2,0,0.9593431701660157,0.33892547607421875,True
dates,date_16,cache2,0,1.8871702270507813,0.8210889892578125,True
dates,date_1024,cache2,0,50.4027724609375,27.8881025390625,True
dates,time_scalar,cache2,0,0.9785133056640625,0.3245313415527344,True
dates,time_16,cache2,0,2.419335693359375,0.907734130859375,False
dates,time_1024,cache2,0,78.674734375,49.145666015625,False
dates,datetime_naive_1024_zero_microseconds,cache2,0,67.3138125,41.549142578125,True
dates,datetime_utc_1024_zero_microseconds,cache2,0,70.438390625,150.44686328125,True
dates,time_1024_zero_microseconds,cache2,0,65.62390234375,34.2658515625,True
dates,datetime_naive_1024_naive_utc,cache2,0,80.17970703125,59.72862890625,True
dates,datetime_naive_1024_omit_microseconds,cache2,0,66.10233203125,41.361451171875,True
dates,datetime_naive_1024_utc_z,cache2,0,81.06698046875,57.394126953125,True
dates,datetime_naive_1024_naive_utc_omit_microseconds,cache2,0,83.401162109375,44.347904296875,True
dates,datetime_naive_1024_naive_utc_z,cache2,0,87.77456640625,58.0467265625,True
dates,datetime_naive_1024_omit_microseconds_utc_z,cache2,0,69.518033203125,44.1868671875,True
dates,datetime_naive_1024_naive_utc_omit_microseconds_utc_z,cache2,0,68.335587890625,42.101619140625,True
dates,datetime_utc_1024_omit_microseconds,cache2,0,68.540203125,146.57409765625,True
dates,datetime_utc_1024_utc_z,cache2,0,77.21401953125,163.49991796875,True
dates,datetime_utc_1024_omit_microseconds_utc_z,cache2,0,71.1259609375,153.77807421875,True
dates,time_1024_omit_microseconds,cache2,0,63.515623046875,36.8084296875,True
dates,date_1024_options,cache2,0,47.0547001953125,28.0815810546875,True
dates,dates_under_dict,cache2,0,194.940484375,243.1069453125,False
dates,dataclass_dates,cache2,0,366.4288984375,325.1579296875,True
dates,datetime_passthrough,cache2,0,1590.71059375,1269.27684375,True
dates,datetime_subclass,cache2,0,1219.3155625,1148.7850625,True
dates,datetime_named_zero_offset_1024,cache2,0,86.88748828125,175.753890625,True
dates,datetime_negative_offset_1024,cache2,0,110.2901015625,182.42798046875,True
dates,datetime_seconds_offset_1024,cache2,0,93.626859375,178.11883984375,True
dates,uuid_scalar_control,cache2,0,1.0117940979003905,0.35674713134765623,True
dates,uuid_list_control,cache2,0,125.54415625,69.51568359375,True
dates,dict_control,cache2,0,0.46795301818847657,0.35897638702392576,True
dates,list_control,cache2,0,22.48488818359375,7.1682783203125,True
dates,string_control,cache2,0,0.27818768310546876,0.3595518035888672,True
dates,dataclass_control,cache2,0,321.9918125,136.2588359375,True
numpy,datetime_Y_scalar,cache2,0,4.523550415039063,1.3604603271484375,True
numpy,datetime_Y_16,cache2,0,5.579401000976563,2.4406624755859374,True
numpy,datetime_Y_4096,cache2,0,114.4188515625,286.9309296875,True
numpy,datetime_M_scalar,cache2,0,4.47019384765625,1.340853759765625,True
numpy,datetime_M_16,cache2,0,5.37288818359375,2.73858544921875,True
numpy,datetime_M_4096,cache2,0,130.5130078125,339.7225390625,True
numpy,datetime_D_scalar,cache2,0,4.504385131835938,1.347951904296875,True
numpy,datetime_D_16,cache2,0,5.69137890625,2.626694580078125,True
numpy,datetime_D_4096,cache2,0,149.5908671875,324.814859375,True
numpy,datetime_s_scalar,cache2,0,4.306065795898437,1.3031978759765626,True
numpy,datetime_s_16,cache2,0,5.441561279296875,2.56022705078125,True
numpy,datetime_s_4096,cache2,0,105.9219140625,334.792734375,True
numpy,datetime_us_scalar,cache2,0,4.4682578125,1.375896484375,True
numpy,datetime_us_16,cache2,0,5.550500366210938,3.0330457763671874,True
numpy,datetime_us_4096,cache2,0,113.0531015625,438.625171875,True
numpy,datetime_ns_scalar,cache2,0,4.2870634765625,1.3723956298828126,True
numpy,datetime_ns_16,cache2,0,5.707305419921875,2.996670166015625,True
numpy,datetime_ns_4096,cache2,0,124.43471875,415.4336328125,True
numpy,datetime_us_4096_naive_utc,cache2,0,118.4770859375,416.346671875,True
numpy,datetime_us_4096_omit_microseconds,cache2,0,102.5049375,383.26021875,True
numpy,datetime_us_4096_utc_z,cache2,0,113.7358671875,418.3202734375,True
numpy,datetime_us_4096_naive_utc_omit_microseconds,cache2,0,107.212046875,353.350140625,True
numpy,datetime_us_4096_naive_utc_z,cache2,0,121.2648359375,420.1528125,True
numpy,datetime_us_4096_omit_microseconds_utc_z,cache2,0,101.15503125,359.7753125,True
numpy,datetime_us_4096_naive_utc_omit_microseconds_utc_z,cache2,0,100.279625,367.2574453125,True
numpy,datetime_us_empty,cache2,0,4.621128540039063,1.23667724609375,True
numpy,datetime_us_matrix,cache2,0,114.909984375,430.59321875,True
numpy,datetime_us_under_dict,cache2,0,114.5168515625,422.485546875,True
public,loads:apache_builds,cache2,0,476.729125,393.65313333333336,True
public,dumps:apache_builds,cache2,0,208.9499027777778,73.79173333333334,True
public,loads:canada,cache2,0,38871.72,15094.0025,True
public,dumps:canada,cache2,0,9107.583,5088.201285714285,True
public,loads:citm_catalog,cache2,0,6164.5964,4256.722166666667,True
public,dumps:citm_catalog,cache2,0,2654.4313846153846,942.3008157894737,True
public,loads:github_events,cache2,0,231.75407865168538,166.99515300546446,True
public,dumps:github_events,cache2,0,104.50460142348754,31.941558645707378,True
public,loads:google_maps_api_response,cache2,0,130.7043813559322,89.61159504132232,True
public,dumps:google_maps_api_response,cache2,0,53.369242057488655,22.010205223880597,True
public,loads:gsoc-2018,cache2,0,7396.4225,28039.958,True
public,dumps:gsoc-2018,cache2,0,3389.2423333333336,1327.130695652174,True
public,loads:instruments,cache2,0,916.6102571428572,677.7785777777779,True
public,dumps:instruments,cache2,0,370.0360126582279,153.34967475728155,True
public,loads:marine_ik,cache2,0,43777.882,77787.342,True
public,dumps:marine_ik,cache2,0,12908.726333333334,7237.3932,True
public,loads:mesh,cache2,0,4953.334,3537.6586666666667,True
public,dumps:mesh,cache2,0,2803.6526363636362,1863.063388888889,True
public,loads:numbers,cache2,0,761.4379512195121,513.1602307692308,True
public,dumps:numbers,cache2,0,483.10858461538464,425.8490759493671,True
public,loads:random,cache2,0,5076.047333333333,2815.7705454545453,True
public,dumps:random,cache2,0,1638.1912352941176,551.9071698113207,True
public,loads:semanticscholar-corpus,cache2,0,115219.07,150675.298,True
public,dumps:semanticscholar-corpus,cache2,0,23459.9715,10475.855666666666,True
public,loads:tree-pretty,cache2,0,151.13059459459458,91.79561180124223,True
public,dumps:tree-pretty,cache2,0,60.2315928853755,24.62130106644791,True
public,loads:twitter,cache2,0,4983.7171,1843.6951176470589,True
public,dumps:twitter,cache2,0,1309.0572916666667,409.9767534246575,True
public,loads:twitterescaped,cache2,0,3228.9028,1975.9003333333333,True
public,dumps:twitterescaped,cache2,0,1370.7774166666668,445.9524285714286,True
public,loads:update-center,cache2,0,2937.5175454545456,2690.1883333333335,True
public,dumps:update-center,cache2,0,1421.5965714285715,499.36607575757574,True
public,loads:poet,cache2,0,15352.431666666665,9373.650333333335,True
public,dumps:poet,cache2,0,13020.649,2193.8815,True
public,loads:otfcc,cache2,0,2783134.593,4768854.309,True
public,dumps:otfcc,cache2,0,1248542.28,556138.091,True
target,offsets_1_owners_1_dates,portable,0,1.2757029724121094,0.492544921875,True
target,offsets_1_owners_16_dates,portable,0,3.684305908203125,2.98824365234375,True
target,offsets_1_owners_1024_dates,portable,0,139.3981484375,172.7555859375,True
target,offsets_2_owners_16_dates,portable,0,3.6481341552734374,3.0021859130859374,True
target,offsets_2_owners_1024_dates,portable,0,142.0581796875,172.2211484375,True
target,offsets_8_owners_16_dates,portable,0,3.5574705200195313,2.984307373046875,True
target,offsets_8_owners_1024_dates,portable,0,139.687109375,170.907546875,True
target,offsets_9_owners_16_dates,portable,0,3.8405435791015625,3.101431579589844,True
target,offsets_9_owners_1024_dates,portable,0,138.8342578125,167.116546875,True
target,offsets_64_owners_16_dates,portable,0,3.6261710205078126,3.1048760986328126,True
target,offsets_64_owners_1024_dates,portable,0,140.48173828125,171.03726953125,True
target,datetime_scalar,portable,0,1.0816146240234374,0.46619268798828123,True
target,datetime_naive,portable,0,74.681234375,45.095078125,True
target,datetime_utc,portable,0,79.8318671875,158.97341015625,True
target,scalar_integer,portable,0,0.2700972900390625,0.28748851776123047,True
target,tiny_list,portable,0,0.35214657592773435,0.3190789337158203,True
target,tiny_dict,portable,0,0.39684464263916014,0.3443807754516602,True
target,large_integers,portable,0,214.4895859375,72.7939453125,True
target,repeated_keys,portable,0,105.790412109375,55.481291015625,True
target,early_dataclass,portable,0,1.9236420288085938,0.5778843383789063,True
target,late_dataclass,portable,0,2.257219970703125,0.5832706909179688,True
target,early_default,portable,0,2.0789295654296875,0.64689208984375,True
target,late_default,portable,0,2.283280090332031,0.669748291015625,True
target,output_255_bytes,portable,0,0.37019234466552736,0.39979196166992187,True
target,output_256_bytes,portable,0,0.3703803939819336,0.39928006744384764,True
target,output_257_bytes,portable,0,0.4720945892333984,0.3965912780761719,True
target,output_511_bytes,portable,0,0.5035265808105469,0.4101224670410156,True
target,output_512_bytes,portable,0,0.49848677062988284,0.4188208465576172,True
target,output_513_bytes,portable,0,0.6091187438964843,0.41068827819824216,True
target,output_1023_bytes,portable,0,0.7535957336425781,0.45556198120117186,True
target,output_1024_bytes,portable,0,0.7267484893798828,0.42587789916992186,True
target,output_1025_bytes,portable,0,0.7574486846923828,0.6157451019287109,True
target,output_16384_bytes,portable,0,3.0472294921875,1.340805908203125,True
target,offsets_1_owners_1_dates,cache2,1,1.2604773559570313,0.48522946166992187,True
target,offsets_1_owners_16_dates,cache2,1,2.92671337890625,2.97133447265625,True
target,offsets_1_owners_1024_dates,cache2,1,96.37119921875,169.20833203125,True
target,offsets_2_owners_16_dates,cache2,1,3.1229415283203124,3.0223662719726563,True
target,offsets_2_owners_1024_dates,cache2,1,95.71056640625,171.16692578125,True
target,offsets_8_owners_16_dates,cache2,1,3.663267333984375,3.004108642578125,True
target,offsets_8_owners_1024_dates,cache2,1,99.787859375,169.32852734375,True
target,offsets_9_owners_16_dates,cache2,1,4.400288696289063,3.0813687744140625,True
target,offsets_9_owners_1024_dates,cache2,1,140.40677734375,168.685953125,True
target,offsets_64_owners_16_dates,cache2,1,4.492009399414062,3.1619312744140626,True
target,offsets_64_owners_1024_dates,cache2,1,141.72943359375,175.2112734375,True
target,datetime_scalar,cache2,1,1.071685791015625,0.4786132507324219,True
target,datetime_naive,cache2,1,78.9828984375,47.6425703125,True
target,datetime_utc,cache2,1,83.36578515625,165.51901171875,True
target,scalar_integer,cache2,1,0.27656055450439454,0.3396729354858398,True
target,tiny_list,cache2,1,0.34720870208740234,0.3238469924926758,True
target,tiny_dict,cache2,1,0.3947571258544922,0.36035469818115234,True
target,large_integers,cache2,1,231.25261328125,72.16363671875,True
target,repeated_keys,cache2,1,117.682435546875,58.149255859375,True
target,early_dataclass,cache2,1,2.023289367675781,0.5428870239257813,True
target,late_dataclass,cache2,1,2.2456385498046876,0.546993408203125,True
target,early_default,cache2,1,1.8911024780273438,0.656663818359375,True
target,late_default,cache2,1,2.2588634643554686,0.6619888305664062,True
target,output_255_bytes,cache2,1,0.34664105987548827,0.42439348602294924,True
target,output_256_bytes,cache2,1,0.3566767807006836,0.4185784454345703,True
target,output_257_bytes,cache2,1,0.48527816772460936,0.4195805892944336,True
target,output_511_bytes,cache2,1,0.4842493438720703,0.424925537109375,True
target,output_512_bytes,cache2,1,0.4928177947998047,0.42709222412109377,True
target,output_513_bytes,cache2,1,0.6006778564453125,0.4341696014404297,True
target,output_1023_bytes,cache2,1,0.7841268615722656,0.44955848693847655,True
target,output_1024_bytes,cache2,1,0.7837737274169921,0.47321484375,True
target,output_1025_bytes,cache2,1,0.7816734924316406,0.4517075042724609,True
target,output_16384_bytes,cache2,1,3.2204337768554687,1.3775320434570313,True
output,small,cache2,1,0.6251380767822265,0.4161098480224609,True
output,medium,cache2,1,250.6346015625,134.9538359375,True
output,integers,cache2,1,222.98740234375,82.07292578125,True
output,floats,cache2,1,456.38653125,367.23628125,True
output,strings,cache2,1,46.7152607421875,12.3517978515625,True
output,escaped,cache2,1,165.50493359375,54.9424375,True
output,long_string,cache2,1,23.21037939453125,8.4444951171875,True
output,integers_wide_signed,cache2,1,389.583203125,674.41809375,True
output,integers_wide_unsigned,cache2,1,333.370578125,568.25634375,True
output,scalar_integer,cache2,1,0.30075305938720703,0.29968618774414063,True
output,integers_tiny,cache2,1,0.4040779800415039,0.34031565856933593,True
output,indent_integers,cache2,1,264.302625,146.571296875,True
output,strict_integers,cache2,1,214.6520078125,71.2980859375,True
output,sorted_medium,cache2,1,382.5749921875,199.2573515625,True
output,integer_keys,cache2,1,71.398919921875,60.74021484375,True
output,dataclasses,cache2,1,305.135546875,130.0825625,True
output,dataclass_single,cache2,1,1.394293701171875,0.42032269287109375,True
output,dataclass_slots_single,cache2,1,2.2513585205078126,0.9520804443359375,True
output,dataclass_slots,cache2,1,1072.5935625,647.20715625,True
output,dataclass_nested,cache2,1,822.260796875,334.68228125,True
output,dataclass_indent,cache2,1,336.140953125,161.5769140625,True
output,dataclass_sorted,cache2,1,887.543265625,371.358625,True
output,dataclass_default,cache2,1,455.188078125,232.949453125,True
output,numpy_int64,cache2,1,1638.832375,2230.476625,True
output,numpy_float32,cache2,1,4298.420375,5107.955375,True
output,late_default,cache2,1,16.3836865234375,3.85440625,True
output,dataclass_fields8,cache2,1,677.15778125,292.500375,True
output,dataclass_fields16,cache2,1,1253.626125,517.79084375,True
frontend,loads_small,cache2,1,1.0441673278808594,0.8007945556640625,True
frontend,loads_small_bytearray,cache2,1,1.0788724060058594,0.810604248046875,True
frontend,loads_small_memoryview,cache2,1,1.171635498046875,0.8081730651855469,True
frontend,loads_small_array_view,cache2,1,1.1579468383789062,0.8168247680664062,True
frontend,loads_medium,cache2,1,542.2245625,414.93325,True
frontend,loads_medium_bytearray,cache2,1,544.755828125,421.574328125,True
frontend,loads_medium_memoryview,cache2,1,576.89221875,420.246421875,True
frontend,loads_medium_array_view,cache2,1,542.2138125,405.501515625,True
frontend,loads_integers,cache2,1,438.126953125,315.4614375,True
frontend,loads_integers_bytearray,cache2,1,450.1186015625,328.7302578125,True
frontend,loads_integers_memoryview,cache2,1,454.09203125,322.4855625,True
frontend,loads_integers_array_view,cache2,1,454.734875,322.0997421875,True
frontend,loads_floats,cache2,1,793.77815625,516.83525,True
frontend,loads_floats_bytearray,cache2,1,866.484625,590.279375,True
frontend,loads_floats_memoryview,cache2,1,808.11990625,521.80725,True
frontend,loads_floats_array_view,cache2,1,804.551703125,517.30503125,True
frontend,loads_strings,cache2,1,70.727814453125,58.5129765625,True
frontend,loads_strings_bytearray,cache2,1,72.0275703125,58.150453125,True
frontend,loads_strings_memoryview,cache2,1,72.4053046875,58.40629296875,True
frontend,loads_strings_array_view,cache2,1,77.202669921875,60.330765625,True
frontend,loads_escaped,cache2,1,433.019046875,222.806046875,True
frontend,loads_escaped_bytearray,cache2,1,437.3123984375,222.1229765625,True
frontend,loads_escaped_memoryview,cache2,1,447.547765625,234.494375,True
frontend,loads_escaped_array_view,cache2,1,466.836828125,231.74884375,True
frontend,loads_long_string,cache2,1,29.8842109375,79.89251953125,True
frontend,loads_long_string_bytearray,cache2,1,34.599916015625,78.945373046875,True
frontend,loads_long_string_memoryview,cache2,1,34.89622265625,87.398068359375,True
frontend,loads_long_string_array_view,cache2,1,36.9709609375,82.00158984375,True
frontend,dumps_root_empty,cache2,1,0.2554920120239258,0.2832066192626953,True
frontend,loads_root_empty,cache2,1,0.24309527587890625,0.1690856704711914,True
frontend,dumps_root_tiny,cache2,1,0.2619468612670898,0.27013575744628904,True
frontend,loads_root_tiny,cache2,1,0.28064080810546876,0.33388233947753904,True
frontend,dumps_root_below_threshold,cache2,1,0.43899064636230467,0.4379570922851562,True
frontend,loads_root_below_threshold,cache2,1,0.3434582672119141,0.4546676788330078,True
frontend,dumps_root_at_threshold,cache2,1,0.28633502960205076,0.44911143493652345,True
frontend,loads_root_at_threshold,cache2,1,0.33083404541015626,0.46485157775878905,True
frontend,dumps_root_medium,cache2,1,0.8551814117431641,0.5937359924316407,True
frontend,loads_root_medium,cache2,1,1.0839508666992188,2.432641052246094,True
frontend,dumps_root_long,cache2,1,21.195130859375,7.68139599609375,True
frontend,loads_root_long,cache2,1,25.04259375,73.2009765625,True
frontend,dumps_root_early_quote,cache2,1,25.67953125,7.47393603515625,True
frontend,loads_root_early_quote,cache2,1,31.81555859375,86.635275390625,True
frontend,dumps_root_late_quote,cache2,1,26.3347724609375,7.75772607421875,True
frontend,loads_root_late_quote,cache2,1,32.027748046875,73.262796875,True
frontend,dumps_root_dense_escapes,cache2,1,157.9522265625,327.709140625,True
frontend,loads_root_dense_escapes,cache2,1,206.0664375,150.95658203125,True
frontend,dumps_root_latin1,cache2,1,213.30003515625,8.36582421875,True
frontend,loads_root_latin1,cache2,1,277.8196015625,186.6905546875,True
frontend,dumps_root_bmp,cache2,1,211.8945390625,7.75881640625,True
frontend,loads_root_bmp,cache2,1,235.0491640625,176.7043125,True
frontend,dumps_root_non_bmp,cache2,1,188.1658828125,10.70620703125,True
frontend,loads_root_non_bmp,cache2,1,203.50434765625,134.30169921875,True
frontend,dumps_root_append_newline,cache2,1,21.72303369140625,7.7095654296875,True
frontend,dumps_root_indent,cache2,1,20.9186220703125,7.61054931640625,True
frontend,loads_escaped_values,cache2,1,100.457775390625,58.01241015625,True
frontend,loads_unicode_escapes,cache2,1,278.333984375,74.677296875,True
frontend,loads_repeated_escaped_keys,cache2,1,214.62848046875,141.050734375,True
frontend,loads_unique_escaped_keys,cache2,1,133.07331640625,66.78440234375,True
numbers,loads_small,cache2,1,0.6257506408691407,0.4555496826171875,True
numbers,loads_medium,cache2,1,471.8905,366.010765625,True
numbers,loads_integers,cache2,1,463.6760625,333.581984375,True
numbers,loads_random_small,cache2,1,535.162296875,402.27921875,True
numbers,loads_wide_signed,cache2,1,776.943296875,656.472734375,True
numbers,loads_wide_unsigned,cache2,1,654.669125,500.07359375,True
numbers,loads_mixed_integers,cache2,1,815.273125,672.21246875,True
numbers,loads_tiny_integers,cache2,1,0.38425933837890625,0.3594863586425781,True
numbers,loads_scalar_integer,cache2,1,0.13974870681762697,0.20416662216186524,True
numbers,loads_floats,cache2,1,811.480046875,534.132734375,True
numbers,loads_float_bits,cache2,1,1233.64528125,755.3623125,True
numbers,loads_overflow_integers,cache2,1,1544.00028125,1066.3985,True
numbers,loads_long_fractions,cache2,1,1343.4586875,811.02196875,True
numbers,loads_zero_forms,cache2,1,0.6168552856445313,0.4080057067871094,True
numbers,dumps_small,cache2,1,0.3225913314819336,0.2245022735595703,True
numbers,dumps_medium,cache2,1,197.84025,115.35762109375,True
numbers,dumps_integers,cache2,1,212.92215625,72.27448046875,True
numbers,dumps_random_small,cache2,1,282.6237890625,152.1453203125,True
numbers,dumps_wide_signed,cache2,1,388.695796875,658.403046875,True
numbers,dumps_wide_unsigned,cache2,1,336.71590625,555.988828125,True
numbers,dumps_mixed_integers,cache2,1,416.15078125,641.255453125,True
numbers,dumps_tiny_integers,cache2,1,0.25733018493652343,0.1996200180053711,True
numbers,dumps_scalar_integer,cache2,1,0.1484552993774414,0.17493982315063478,True
numbers,dumps_floats,cache2,1,463.552078125,379.4664765625,True
numbers,dumps_float_bits,cache2,1,482.040578125,398.71284375,True
strings,loads/short_plain/bytes,cache2,1,0.15681939697265626,0.21819866180419922,True
strings,loads/short_plain/bytearray,cache2,1,0.18057374954223632,0.21370179367065428,True
strings,loads/short_plain/memoryview,cache2,1,0.26906034088134767,0.21492382049560546,True
strings,loads/short_plain/array_view,cache2,1,0.26906389617919924,0.21524375915527344,True
strings,dumps/short_plain/object,cache2,1,0.14034329223632813,0.16366521072387696,True
strings,loads/short_escaped/bytes,cache2,1,0.23594231414794922,0.22116704559326172,True
strings,loads/short_escaped/bytearray,cache2,1,0.2610161285400391,0.22590032958984374,True
strings,loads/short_escaped/memoryview,cache2,1,0.34684401702880857,0.23132648468017578,True
strings,loads/short_escaped/array_view,cache2,1,0.3484299087524414,0.23826611328125,True
strings,dumps/short_escaped/object,cache2,1,0.16107582473754883,0.1715236358642578,True
strings,loads/plain_values/bytes,cache2,1,71.2215859375,58.761189453125,True
strings,loads/plain_values/bytearray,cache2,1,72.31678515625,58.526716796875,True
strings,loads/plain_values/memoryview,cache2,1,72.251890625,59.442447265625,True
strings,loads/plain_values/array_view,cache2,1,73.3472421875,58.614236328125,True
strings,dumps/plain_values/object,cache2,1,45.895072265625,12.222181640625,True
strings,loads/escaped_values/bytes,cache2,1,120.83746875,63.61852734375,True
strings,loads/escaped_values/bytearray,cache2,1,122.5116640625,63.55041015625,True
strings,loads/escaped_values/memoryview,cache2,1,123.5402890625,64.0463515625,True
strings,loads/escaped_values/array_view,cache2,1,123.26866015625,63.9249921875,True
strings,dumps/escaped_values/object,cache2,1,62.727349609375,32.280833984375,True
strings,loads/unicode_escapes/bytes,cache2,1,293.7705859375,81.035484375,True
strings,loads/unicode_escapes/bytearray,cache2,1,296.3127734375,84.560390625,True
strings,loads/unicode_escapes/memoryview,cache2,1,294.0739375,79.904171875,True
strings,loads/unicode_escapes/array_view,cache2,1,330.4763984375,83.326296875,True
strings,dumps/unicode_escapes/object,cache2,1,67.353830078125,10.88917578125,True
strings,loads/escaped_keys/bytes,cache2,1,548.914921875,288.53615625,True
strings,loads/escaped_keys/bytearray,cache2,1,566.93815625,313.898296875,True
strings,loads/escaped_keys/memoryview,cache2,1,565.80621875,292.91146875,True
strings,loads/escaped_keys/array_view,cache2,1,604.33378125,285.6226875,True
strings,dumps/escaped_keys/object,cache2,1,168.57322265625,77.0255,True
strings,loads/unique_keys/bytes,cache2,1,168.1992265625,84.66584765625,True
strings,loads/unique_keys/bytearray,cache2,1,168.33337890625,84.9404140625,True
strings,loads/unique_keys/memoryview,cache2,1,169.65507421875,84.67811328125,True
strings,loads/unique_keys/array_view,cache2,1,168.68338671875,84.5229375,True
strings,dumps/unique_keys/object,cache2,1,49.8981337890625,22.5188232421875,True
strings,loads/long_plain/bytes,cache2,1,26.695138671875,80.499248046875,True
strings,loads/long_plain/bytearray,cache2,1,33.869390625,78.0766328125,True
strings,loads/long_plain/memoryview,cache2,1,33.26693359375,77.280724609375,True
strings,loads/long_plain/array_view,cache2,1,34.2133046875,79.4067578125,True
strings,dumps/long_plain/object,cache2,1,29.593826171875,8.2916123046875,True
strings,loads/long_escaped/bytes,cache2,1,107.055056640625,100.09471484375,True
strings,loads/long_escaped/bytearray,cache2,1,115.59416015625,104.374546875,True
strings,loads/long_escaped/memoryview,cache2,1,113.319572265625,101.00875390625,True
strings,loads/long_escaped/array_view,cache2,1,113.971611328125,101.710041015625,True
strings,dumps/long_escaped/object,cache2,1,85.1532109375,91.69275,True
strings,loads/late_escape/bytes,cache2,1,36.28524609375,81.65368359375,True
strings,loads/late_escape/bytearray,cache2,1,40.89853125,82.63579296875,True
strings,loads/late_escape/memoryview,cache2,1,40.0727421875,81.05930078125,True
strings,loads/late_escape/array_view,cache2,1,40.572197265625,81.507259765625,True
strings,dumps/late_escape/object,cache2,1,29.496498046875,8.480244140625,True
strings,loads/medium/bytes,cache2,1,540.6720625,409.682203125,True
strings,loads/medium/bytearray,cache2,1,545.7586875,415.69303125,True
strings,loads/medium/memoryview,cache2,1,561.3820625,417.644171875,True
strings,loads/medium/array_view,cache2,1,545.151515625,409.819171875,True
strings,dumps/medium/object,cache2,1,234.826734375,136.651546875,True
strings,loads/integers/bytes,cache2,1,455.384421875,331.3338828125,True
strings,loads/integers/bytearray,cache2,1,456.3513203125,325.7376640625,True
strings,loads/integers/memoryview,cache2,1,456.156078125,330.0616796875,True
strings,loads/integers/array_view,cache2,1,454.2137890625,322.590453125,True
strings,dumps/integers/object,cache2,1,214.7934296875,72.071359375,True
dates,datetime_naive_scalar,cache2,1,0.9725731201171876,0.33643289184570313,True
dates,datetime_naive_16,cache2,1,2.401901428222656,1.0103628540039062,True
dates,datetime_naive_1024,cache2,1,83.939787109375,52.828748046875,True
dates,datetime_utc_scalar,cache2,1,1.0373370361328125,0.4741632080078125,True
dates,datetime_utc_16,cache2,1,2.7465196533203127,3.047945068359375,True
dates,datetime_utc_1024,cache2,1,83.6009453125,176.9366328125,True
dates,datetime_fixed_offset_scalar,cache2,1,1.073551513671875,0.43959375,True
dates,datetime_fixed_offset_16,cache2,1,3.34314306640625,3.180477111816406,True
dates,datetime_fixed_offset_1024,cache2,1,94.89459375,179.23075390625,True
dates,date_scalar,cache2,1,0.9588318176269531,0.31451260375976564,True
dates,date_16,cache2,1,1.8105519409179687,0.7568468017578125,True
dates,date_1024,cache2,1,50.1212900390625,27.89147265625,True
dates,time_scalar,cache2,1,0.9668084106445313,0.3279088134765625,True
dates,time_16,cache2,1,2.3918385009765624,0.928495849609375,False
dates,time_1024,cache2,1,74.582345703125,42.605322265625,False
dates,datetime_naive_1024_zero_microseconds,cache2,1,69.635220703125,42.80434765625,True
dates,datetime_utc_1024_zero_microseconds,cache2,1,73.69817578125,162.710421875,True
dates,time_1024_zero_microseconds,cache2,1,63.722029296875,36.721396484375,True
dates,datetime_naive_1024_naive_utc,cache2,1,85.306,58.518609375,True
dates,datetime_naive_1024_omit_microseconds,cache2,1,67.118203125,41.4114453125,True
dates,datetime_naive_1024_utc_z,cache2,1,75.98502734375,53.671830078125,True
dates,datetime_naive_1024_naive_utc_omit_microseconds,cache2,1,69.3680078125,43.355908203125,True
dates,datetime_naive_1024_naive_utc_z,cache2,1,79.791578125,55.07451171875,True
dates,datetime_naive_1024_omit_microseconds_utc_z,cache2,1,67.227009765625,41.06295703125,True
dates,datetime_naive_1024_naive_utc_omit_microseconds_utc_z,cache2,1,68.46959765625,43.769625,True
dates,datetime_utc_1024_omit_microseconds,cache2,1,79.078609375,164.242875,True
dates,datetime_utc_1024_utc_z,cache2,1,83.4901015625,178.63453125,True
dates,datetime_utc_1024_omit_microseconds_utc_z,cache2,1,70.11617578125,154.0209609375,True
dates,time_1024_omit_microseconds,cache2,1,64.67759765625,37.022609375,True
dates,date_1024_options,cache2,1,50.3197685546875,28.5665517578125,True
dates,dates_under_dict,cache2,1,205.992453125,245.493203125,False
dates,dataclass_dates,cache2,1,371.20546875,329.3852734375,True
dates,datetime_passthrough,cache2,1,1488.74646875,1090.9706875,True
dates,datetime_subclass,cache2,1,1634.73228125,1140.7761875,True
dates,datetime_named_zero_offset_1024,cache2,1,87.63901953125,173.73243359375,True
dates,datetime_negative_offset_1024,cache2,1,98.25636328125,184.68125390625,True
dates,datetime_seconds_offset_1024,cache2,1,95.1807734375,179.62628515625,True
dates,uuid_scalar_control,cache2,1,1.0276601257324218,0.36672259521484374,True
dates,uuid_list_control,cache2,1,128.6165546875,73.85834765625,True
dates,dict_control,cache2,1,0.4700063323974609,0.37361592102050784,True
dates,list_control,cache2,1,22.88041943359375,7.3540654296875,True
dates,string_control,cache2,1,0.28078902435302733,0.2847571792602539,True
dates,dataclass_control,cache2,1,322.3555234375,134.0495078125,True
numpy,datetime_Y_scalar,cache2,1,4.551174926757812,1.3125794677734375,True
numpy,datetime_Y_16,cache2,1,5.75450732421875,2.50115771484375,True
numpy,datetime_Y_4096,cache2,1,112.0628828125,294.015671875,True
numpy,datetime_M_scalar,cache2,1,4.509780151367187,1.29531689453125,True
numpy,datetime_M_16,cache2,1,5.778023193359375,2.8499862060546874,True
numpy,datetime_M_4096,cache2,1,132.4634296875,351.1469765625,True
numpy,datetime_D_scalar,cache2,1,4.434280883789063,1.3199327392578124,True
numpy,datetime_D_16,cache2,1,5.946286010742187,2.608330810546875,True
numpy,datetime_D_4096,cache2,1,155.3763671875,336.00515625,True
numpy,datetime_s_scalar,cache2,1,4.526259521484375,1.2888961181640626,True
numpy,datetime_s_16,cache2,1,5.525283325195312,2.563740966796875,True
numpy,datetime_s_4096,cache2,1,105.1607421875,336.279109375,True
numpy,datetime_us_scalar,cache2,1,4.557763916015625,1.336596435546875,True
numpy,datetime_us_16,cache2,1,5.57766943359375,2.895279052734375,True
numpy,datetime_us_4096,cache2,1,114.1024140625,428.9762578125,True
numpy,datetime_ns_scalar,cache2,1,5.622930419921875,1.6333709716796876,True
numpy,datetime_ns_16,cache2,1,5.721971801757812,2.9045528564453127,True
numpy,datetime_ns_4096,cache2,1,124.5351015625,433.4602265625,True
numpy,datetime_us_4096_naive_utc,cache2,1,127.6626953125,452.19496875,True
numpy,datetime_us_4096_omit_microseconds,cache2,1,105.319171875,393.208921875,True
numpy,datetime_us_4096_utc_z,cache2,1,120.888859375,440.9038671875,True
numpy,datetime_us_4096_naive_utc_omit_microseconds,cache2,1,116.5201484375,392.046,True
numpy,datetime_us_4096_naive_utc_z,cache2,1,126.67034375,456.114875,True
numpy,datetime_us_4096_omit_microseconds_utc_z,cache2,1,114.0908984375,400.60203125,True
numpy,datetime_us_4096_naive_utc_omit_microseconds_utc_z,cache2,1,110.085921875,390.12703125,True
numpy,datetime_us_empty,cache2,1,5.042797241210938,1.3365836181640625,True
numpy,datetime_us_matrix,cache2,1,117.32853125,440.8497890625,True
numpy,datetime_us_under_dict,cache2,1,125.9051015625,443.776640625,True
public,loads:apache_builds,cache2,1,483.324953125,399.71737333333334,True
public,dumps:apache_builds,cache2,1,209.66540972222222,73.89492383292382,True
public,loads:canada,cache2,1,23579.436,31174.146,True
public,dumps:canada,cache2,1,8768.15,5378.799,True
public,loads:citm_catalog,cache2,1,6209.324799999999,4244.932428571428,True
public,dumps:citm_catalog,cache2,1,2379.494642857143,898.7634705882354,True
public,loads:github_events,cache2,1,231.16180152671754,165.62130569948187,True
public,dumps:github_events,cache2,1,101.05712328767123,30.36903654822335,True
public,loads:google_maps_api_response,cache2,1,126.66433486238532,88.24507803468208,True
public,dumps:google_maps_api_response,cache2,1,48.2291073253833,20.18044147582697,True
public,loads:gsoc-2018,cache2,1,6332.573,27145.698,True
public,dumps:gsoc-2018,cache2,1,4592.4475999999995,1656.64025,True
public,loads:instruments,cache2,1,929.1476129032258,651.1291666666666,True
public,dumps:instruments,cache2,1,380.98130379746834,151.09483606557376,True
public,loads:marine_ik,cache2,1,37129.551,78113.556,True
public,dumps:marine_ik,cache2,1,12801.075333333334,7007.12,True
public,loads:mesh,cache2,1,5313.426,3644.9075555555555,True
public,dumps:mesh,cache2,1,2890.6253333333334,1841.193125,True
public,loads:numbers,cache2,1,755.2523902439025,511.8321020408163,True
public,dumps:numbers,cache2,1,468.7844615384616,416.6166623376624,True
public,loads:random,cache2,1,4272.908875,2854.575636363636,True
public,dumps:random,cache2,1,1709.956,560.0226,True
public,loads:semanticscholar-corpus,cache2,1,94776.932,185055.886,True
public,dumps:semanticscholar-corpus,cache2,1,23274.579,10684.066666666666,True
public,loads:tree-pretty,cache2,1,158.4624126984127,93.539234375,True
public,dumps:tree-pretty,cache2,1,61.84328,24.759351639344263,True
public,loads:twitter,cache2,1,3177.6676,1799.0599411764706,True
public,dumps:twitter,cache2,1,1304.563043478261,404.98335135135136,True
public,loads:twitterescaped,cache2,1,3144.693,1896.9430625,True
public,dumps:twitterescaped,cache2,1,1305.6729583333333,416.3618219178082,True
public,loads:update-center,cache2,1,2729.458090909091,2454.7196153846153,True
public,dumps:update-center,cache2,1,1448.0746190476189,508.5286101694915,True
public,loads:poet,cache2,1,13647.531333333334,29934.645,True
public,dumps:poet,cache2,1,11793.044333333333,2707.1035,True
public,loads:otfcc,cache2,1,2959160.134,4709641.395,True
public,dumps:otfcc,cache2,1,1309620.227,578042.236,True
target,offsets_1_owners_1_dates,portable,1,1.37799072265625,0.48349945068359373,True
target,offsets_1_owners_16_dates,portable,1,3.9161217041015624,3.050068603515625,True
target,offsets_1_owners_1024_dates,portable,1,156.73694140625,178.223265625,True
target,offsets_2_owners_16_dates,portable,1,3.743897705078125,3.156338623046875,True
target,offsets_2_owners_1024_dates,portable,1,147.89176953125,186.77034375,True
target,offsets_8_owners_16_dates,portable,1,3.6635048828125,3.0191142578125,True
target,offsets_8_owners_1024_dates,portable,1,137.103921875,168.50555078125,True
target,offsets_9_owners_16_dates,portable,1,3.6279320068359375,2.9747939453125,True
target,offsets_9_owners_1024_dates,portable,1,137.17051953125,166.4309609375,True
target,offsets_64_owners_16_dates,portable,1,3.640680847167969,3.070223449707031,True
target,offsets_64_owners_1024_dates,portable,1,136.86899609375,171.731515625,True
target,datetime_scalar,portable,1,1.0741282348632812,0.45809466552734374,True
target,datetime_naive,portable,1,75.156599609375,45.121560546875,True
target,datetime_utc,portable,1,80.4596484375,160.7570703125,True
target,scalar_integer,portable,1,0.2678472213745117,0.2869391403198242,True
target,tiny_list,portable,1,0.3679857940673828,0.3059672393798828,True
target,tiny_dict,portable,1,0.4031960220336914,0.3742157669067383,True
target,large_integers,portable,1,210.6178046875,72.31123046875,True
target,repeated_keys,portable,1,110.7551953125,55.04686328125,True
target,early_dataclass,portable,1,1.906672119140625,0.5583524780273438,True
target,late_dataclass,portable,1,2.4701823120117186,0.6002652587890625,True
target,early_default,portable,1,2.71167333984375,0.6635147094726562,True
target,late_default,portable,1,2.339078918457031,0.6788276977539063,True
target,output_255_bytes,portable,1,0.3866694793701172,0.3985006332397461,True
target,output_256_bytes,portable,1,0.42102803802490235,0.39363913726806643,True
target,output_257_bytes,portable,1,0.4659539642333984,0.38970501708984373,True
target,output_511_bytes,portable,1,0.49678744506835937,0.384168701171875,True
target,output_512_bytes,portable,1,0.5188936462402344,0.4099091796875,True
target,output_513_bytes,portable,1,0.6292762908935546,0.40200559997558594,True
target,output_1023_bytes,portable,1,0.7487510986328125,0.45060800170898435,True
target,output_1024_bytes,portable,1,0.7292500152587891,0.41570074462890627,True
target,output_1025_bytes,portable,1,0.7530972900390625,0.42390792846679687,True
target,output_16384_bytes,portable,1,3.4539395751953124,1.3299993896484374,True
target,offsets_1_owners_1_dates,cache1,1,1.4391895446777343,0.5380313415527344,True
target,offsets_1_owners_16_dates,cache1,1,2.907717041015625,3.1137822265625,True
target,offsets_1_owners_1024_dates,cache1,1,90.5666015625,173.89555078125,True
target,offsets_2_owners_16_dates,cache1,1,3.0857015380859374,3.0123925170898436,True
target,offsets_2_owners_1024_dates,cache1,1,90.44185546875,171.457828125,True
target,offsets_8_owners_16_dates,cache1,1,3.540679931640625,2.9305194091796873,True
target,offsets_8_owners_1024_dates,cache1,1,91.7048203125,169.6567421875,True
target,offsets_9_owners_16_dates,cache1,1,4.597734130859375,3.039081787109375,True
target,offsets_9_owners_1024_dates,cache1,1,183.51621484375,170.065609375,True
target,offsets_64_owners_16_dates,cache1,1,4.324422729492188,3.1142109375,True
target,offsets_64_owners_1024_dates,cache1,1,197.9845703125,178.0784140625,True
target,datetime_scalar,cache1,1,1.5508031921386718,0.4858050231933594,True
target,datetime_naive,cache1,1,72.849306640625,50.56151953125,True
target,datetime_utc,cache1,1,93.89512109375,172.6626953125,True
target,scalar_integer,cache1,1,0.26141605377197263,0.2937017593383789,True
target,tiny_list,cache1,1,0.33198950958251955,0.30418781280517576,True
target,tiny_dict,cache1,1,0.3662524108886719,0.32133250427246096,True
target,large_integers,cache1,1,177.5062890625,67.8335,True
target,repeated_keys,cache1,1,110.90629296875,54.162701171875,True
target,early_dataclass,cache1,1,1.8604401245117188,0.5852235717773437,True
target,late_dataclass,cache1,1,2.327728332519531,0.5674165649414062,True
target,early_default,cache1,1,1.9017161865234375,0.6504102172851562,True
target,late_default,cache1,1,2.257823181152344,0.6823228759765625,True
target,output_255_bytes,cache1,1,0.3480639724731445,0.4104245986938477,True
target,output_256_bytes,cache1,1,0.34384344482421875,0.4150285873413086,True
target,output_257_bytes,cache1,1,0.4645798645019531,0.43194708251953123,True
target,output_511_bytes,cache1,1,0.5117905731201172,0.4584925537109375,True
target,output_512_bytes,cache1,1,0.5072206115722656,0.44602601623535154,True
target,output_513_bytes,cache1,1,0.6280067443847657,0.4482847595214844,True
target,output_1023_bytes,cache1,1,0.7881508178710938,0.4698445739746094,True
target,output_1024_bytes,cache1,1,0.803190673828125,0.46724461364746095,True
target,output_1025_bytes,cache1,1,0.7727622222900391,0.453769287109375,True
target,output_16384_bytes,cache1,1,3.4484652709960937,1.419580322265625,True
output,small,cache1,1,0.6269189453125,0.42242213439941406,True
output,medium,cache1,1,236.34467578125,133.32005859375,True
output,integers,cache1,1,193.66884375,72.31101953125,True
output,floats,cache1,1,442.9661875,361.9077890625,True
output,strings,cache1,1,46.9235302734375,12.507515625,True
output,escaped,cache1,1,170.305671875,57.472359375,True
output,long_string,cache1,1,22.06920068359375,8.2006865234375,True
output,integers_wide_signed,cache1,1,359.615796875,642.019015625,True
output,integers_wide_unsigned,cache1,1,323.24378125,549.4264375,True
output,scalar_integer,cache1,1,0.2722704849243164,0.2874057083129883,True
output,integers_tiny,cache1,1,0.3862760238647461,0.32441944122314453,True
output,indent_integers,cache1,1,225.33295703125,147.1353671875,True
output,strict_integers,cache1,1,193.18835546875,71.7555625,True
output,sorted_medium,cache1,1,375.620296875,194.11359375,True
output,integer_keys,cache1,1,73.547541015625,61.015705078125,True
output,dataclasses,cache1,1,302.5208984375,131.473578125,True
output,dataclass_single,cache1,1,1.38862646484375,0.4235448608398438,True
output,dataclass_slots_single,cache1,1,2.2701578979492187,0.9439237670898437,True
output,dataclass_slots,cache1,1,1035.31865625,637.883625,True
output,dataclass_nested,cache1,1,806.312171875,376.781953125,True
output,dataclass_indent,cache1,1,331.934171875,164.8198671875,True
output,dataclass_sorted,cache1,1,894.564140625,380.11134375,True
output,dataclass_default,cache1,1,445.6185546875,237.62615625,True
output,numpy_int64,cache1,1,1613.577875,2180.250375,True
output,numpy_float32,cache1,1,4481.780875,5216.32425,True
output,late_default,cache1,1,18.8835224609375,4.92700390625,True
output,dataclass_fields8,cache1,1,645.2635,293.314765625,True
output,dataclass_fields16,cache1,1,1408.3118125,563.80540625,True
frontend,loads_small,cache1,1,1.0393666381835938,0.8150724792480468,True
frontend,loads_small_bytearray,cache1,1,1.0629126892089844,0.8049059448242187,True
frontend,loads_small_memoryview,cache1,1,1.1525565795898438,0.8033971862792969,True
frontend,loads_small_array_view,cache1,1,1.1413228759765626,0.8053374938964843,True
frontend,loads_medium,cache1,1,560.93684375,422.482640625,True
frontend,loads_medium_bytearray,cache1,1,574.250046875,414.70534375,True
frontend,loads_medium_memoryview,cache1,1,560.89315625,411.202421875,True
frontend,loads_medium_array_view,cache1,1,565.686,411.7270625,True
frontend,loads_integers,cache1,1,432.267203125,321.532328125,True
frontend,loads_integers_bytearray,cache1,1,436.9576328125,322.66503125,True
frontend,loads_integers_memoryview,cache1,1,441.12290625,324.78359375,True
frontend,loads_integers_array_view,cache1,1,436.3909609375,320.1506015625,True
frontend,loads_floats,cache1,1,848.223796875,523.33859375,True
frontend,loads_floats_bytearray,cache1,1,852.638171875,522.17925,True
frontend,loads_floats_memoryview,cache1,1,868.528546875,532.461625,True
frontend,loads_floats_array_view,cache1,1,864.924015625,520.27921875,True
frontend,loads_strings,cache1,1,71.66558203125,59.1528671875,True
frontend,loads_strings_bytearray,cache1,1,73.415458984375,58.578984375,True
frontend,loads_strings_memoryview,cache1,1,72.8562578125,58.384298828125,True
frontend,loads_strings_array_view,cache1,1,72.5632265625,58.7208828125,True
frontend,loads_escaped,cache1,1,427.22534375,220.123046875,True
frontend,loads_escaped_bytearray,cache1,1,437.810265625,222.315859375,True
frontend,loads_escaped_memoryview,cache1,1,451.5070078125,235.9677109375,True
frontend,loads_escaped_array_view,cache1,1,448.91246875,227.38315625,True
frontend,loads_long_string,cache1,1,55.376849609375,83.741328125,True
frontend,loads_long_string_bytearray,cache1,1,37.819591796875,82.070216796875,True
frontend,loads_long_string_memoryview,cache1,1,36.160583984375,80.442044921875,True
frontend,loads_long_string_array_view,cache1,1,37.663044921875,83.853826171875,True
frontend,dumps_root_empty,cache1,1,0.2499363327026367,0.26814886474609373,True
frontend,loads_root_empty,cache1,1,0.23568567657470704,0.16379537200927735,True
frontend,dumps_root_tiny,cache1,1,0.27097544860839845,0.27140957641601565,True
frontend,loads_root_tiny,cache1,1,0.277398681640625,0.3390828323364258,True
frontend,dumps_root_below_threshold,cache1,1,0.44176293182373044,0.43237447357177733,True
frontend,loads_root_below_threshold,cache1,1,0.32159444427490236,0.44933902740478515,True
frontend,dumps_root_at_threshold,cache1,1,0.2681396331787109,0.43178773498535156,True
frontend,loads_root_at_threshold,cache1,1,0.32545602416992186,0.4573979873657227,True
frontend,dumps_root_medium,cache1,1,0.8331387176513672,0.6072142333984375,True
frontend,loads_root_medium,cache1,1,1.1181820068359376,2.4207501220703125,True
frontend,dumps_root_long,cache1,1,22.88084375,7.28567578125,True
frontend,loads_root_long,cache1,1,26.121478515625,72.670595703125,True
frontend,dumps_root_early_quote,cache1,1,24.9634521484375,8.30065576171875,True
frontend,loads_root_early_quote,cache1,1,33.016552734375,87.737044921875,True
frontend,dumps_root_late_quote,cache1,1,25.0950556640625,7.57735205078125,True
frontend,loads_root_late_quote,cache1,1,33.244802734375,73.771130859375,True
frontend,dumps_root_dense_escapes,cache1,1,135.02103125,330.084703125,True
frontend,loads_root_dense_escapes,cache1,1,190.82532421875,156.40277734375,True
frontend,dumps_root_latin1,cache1,1,241.03081640625,7.94280859375,True
frontend,loads_root_latin1,cache1,1,285.0430546875,191.8904609375,True
frontend,dumps_root_bmp,cache1,1,205.1642890625,8.40948828125,True
frontend,loads_root_bmp,cache1,1,237.347140625,155.0704140625,True
frontend,dumps_root_non_bmp,cache1,1,164.46888671875,7.7372421875,True
frontend,loads_root_non_bmp,cache1,1,203.88678515625,133.74230859375,True
frontend,dumps_root_append_newline,cache1,1,25.38543505859375,7.58469921875,True
frontend,dumps_root_indent,cache1,1,28.2012861328125,8.242857421875,True
frontend,loads_escaped_values,cache1,1,106.2570546875,60.7192109375,True
frontend,loads_unicode_escapes,cache1,1,266.050140625,72.6120078125,True
frontend,loads_repeated_escaped_keys,cache1,1,223.4106796875,142.71783984375,True
frontend,loads_unique_escaped_keys,cache1,1,140.47725,67.763296875,True
numbers,loads_small,cache1,1,0.6221671752929687,0.43868431091308596,True
numbers,loads_medium,cache1,1,481.031828125,331.734421875,True
numbers,loads_integers,cache1,1,445.8019609375,320.41584375,True
numbers,loads_random_small,cache1,1,546.004296875,402.56278125,True
numbers,loads_wide_signed,cache1,1,736.169390625,642.038453125,True
numbers,loads_wide_unsigned,cache1,1,636.292984375,482.62128125,True
numbers,loads_mixed_integers,cache1,1,749.2789375,634.7133125,True
numbers,loads_tiny_integers,cache1,1,0.3767058334350586,0.3318288192749023,True
numbers,loads_scalar_integer,cache1,1,0.14392977905273438,0.20963948440551758,True
numbers,loads_floats,cache1,1,839.6600625,508.909796875,True
numbers,loads_float_bits,cache1,1,1280.3085,702.907625,True
numbers,loads_overflow_integers,cache1,1,1590.087125,1030.0675,True
numbers,loads_long_fractions,cache1,1,1303.48709375,778.87978125,True
numbers,loads_zero_forms,cache1,1,0.6187918243408204,0.3838152160644531,True
numbers,dumps_small,cache1,1,0.3886015396118164,0.22274958038330078,True
numbers,dumps_medium,cache1,1,195.25616015625,110.8000625,True
numbers,dumps_integers,cache1,1,224.82807421875,79.4777578125,True
numbers,dumps_random_small,cache1,1,373.7420703125,152.29290625,True
numbers,dumps_wide_signed,cache1,1,382.793734375,674.71825,True
numbers,dumps_wide_unsigned,cache1,1,356.797453125,588.015140625,True
numbers,dumps_mixed_integers,cache1,1,416.1158125,709.6501875,True
numbers,dumps_tiny_integers,cache1,1,0.2960232925415039,0.2083416976928711,True
numbers,dumps_scalar_integer,cache1,1,0.16499290466308594,0.17385775756835936,True
numbers,dumps_floats,cache1,1,463.651953125,369.854078125,True
numbers,dumps_float_bits,cache1,1,475.441796875,385.056609375,True
strings,loads/short_plain/bytes,cache1,1,0.16807973480224608,0.22433498764038087,True
strings,loads/short_plain/bytearray,cache1,1,0.18423369216918944,0.21662456512451173,True
strings,loads/short_plain/memoryview,cache1,1,0.27471145629882815,0.21998729705810546,True
strings,loads/short_plain/array_view,cache1,1,0.27098167419433594,0.2204907989501953,True
strings,dumps/short_plain/object,cache1,1,0.14374309158325196,0.16602824401855468,True
strings,loads/short_escaped/bytes,cache1,1,0.23774606323242187,0.22307691192626952,True
strings,loads/short_escaped/bytearray,cache1,1,0.26574990844726565,0.22959730529785155,True
strings,loads/short_escaped/memoryview,cache1,1,0.35305289459228517,0.23557640838623048,True
strings,loads/short_escaped/array_view,cache1,1,0.3527167510986328,0.23320250701904296,True
strings,dumps/short_escaped/object,cache1,1,0.16250202178955078,0.1753459587097168,True
strings,loads/plain_values/bytes,cache1,1,70.61697265625,59.190904296875,True
strings,loads/plain_values/bytearray,cache1,1,72.292421875,57.804509765625,True
strings,loads/plain_values/memoryview,cache1,1,71.981966796875,57.44823828125,True
strings,loads/plain_values/array_view,cache1,1,69.664453125,55.377884765625,True
strings,dumps/plain_values/object,cache1,1,46.725333984375,12.3590927734375,True
strings,loads/escaped_values/bytes,cache1,1,118.92475390625,57.5315,True
strings,loads/escaped_values/bytearray,cache1,1,124.56624609375,65.360275390625,True
strings,loads/escaped_values/memoryview,cache1,1,124.90489453125,63.75334375,True
strings,loads/escaped_values/array_view,cache1,1,124.9885390625,62.88985546875,True
strings,dumps/escaped_values/object,cache1,1,73.319498046875,31.264720703125,True
strings,loads/unicode_escapes/bytes,cache1,1,291.9008046875,81.4667734375,True
strings,loads/unicode_escapes/bytearray,cache1,1,298.527359375,84.18840625,True
strings,loads/unicode_escapes/memoryview,cache1,1,330.4264453125,86.662625,True
strings,loads/unicode_escapes/array_view,cache1,1,300.888375,79.7221015625,True
strings,dumps/unicode_escapes/object,cache1,1,65.502783203125,10.915435546875,True
strings,loads/escaped_keys/bytes,cache1,1,669.47725,286.931859375,True
strings,loads/escaped_keys/bytearray,cache1,1,619.32321875,295.7744375,True
strings,loads/escaped_keys/memoryview,cache1,1,612.784046875,283.163265625,True
strings,loads/escaped_keys/array_view,cache1,1,611.866,289.37059375,True
strings,dumps/escaped_keys/object,cache1,1,173.574640625,76.03888671875,True
strings,loads/unique_keys/bytes,cache1,1,172.8909609375,84.5462421875,True
strings,loads/unique_keys/bytearray,cache1,1,175.97911328125,85.4368125,True
strings,loads/unique_keys/memoryview,cache1,1,183.279796875,87.06337890625,True
strings,loads/unique_keys/array_view,cache1,1,174.4051640625,86.183359375,True
strings,dumps/unique_keys/object,cache1,1,51.4887041015625,22.6603828125,True
strings,loads/long_plain/bytes,cache1,1,28.4794921875,80.5421484375,True
strings,loads/long_plain/bytearray,cache1,1,36.70815625,81.538271484375,True
strings,loads/long_plain/memoryview,cache1,1,36.8207578125,81.776755859375,True
strings,loads/long_plain/array_view,cache1,1,37.570392578125,81.645611328125,True
strings,dumps/long_plain/object,cache1,1,28.441470703125,8.360478515625,True
strings,loads/long_escaped/bytes,cache1,1,104.452125,101.056046875,True
strings,loads/long_escaped/bytearray,cache1,1,110.58304296875,101.299087890625,True
strings,loads/long_escaped/memoryview,cache1,1,109.403046875,100.86717578125,True
strings,loads/long_escaped/array_view,cache1,1,110.81638671875,100.81412890625,True
strings,dumps/long_escaped/object,cache1,1,84.044009765625,91.516556640625,True
strings,loads/late_escape/bytes,cache1,1,37.003748046875,85.08872265625,True
strings,loads/late_escape/bytearray,cache1,1,41.178396484375,82.055953125,True
strings,loads/late_escape/memoryview,cache1,1,41.0056015625,80.508552734375,True
strings,loads/late_escape/array_view,cache1,1,41.621412109375,80.97737890625,True
strings,dumps/late_escape/object,cache1,1,29.180705078125,8.35097119140625,True
strings,loads/medium/bytes,cache1,1,564.056578125,411.484375,True
strings,loads/medium/bytearray,cache1,1,561.181671875,407.497109375,True
strings,loads/medium/memoryview,cache1,1,610.419203125,446.348984375,True
strings,loads/medium/array_view,cache1,1,577.685546875,415.145671875,True
strings,dumps/medium/object,cache1,1,235.88191796875,135.56930859375,True
strings,loads/integers/bytes,cache1,1,453.8525546875,322.5549453125,True
strings,loads/integers/bytearray,cache1,1,432.420546875,318.0526953125,True
strings,loads/integers/memoryview,cache1,1,434.0424453125,318.5236171875,True
strings,loads/integers/array_view,cache1,1,437.989234375,314.697125,True
strings,dumps/integers/object,cache1,1,194.66915625,74.34143359375,True
dates,datetime_naive_scalar,cache1,1,0.987606689453125,0.3291231689453125,True
dates,datetime_naive_16,cache1,1,2.467269775390625,1.0125465698242186,True
dates,datetime_naive_1024,cache1,1,70.070078125,54.15459765625,True
dates,datetime_utc_scalar,cache1,1,0.9897023010253906,0.4625774230957031,True
dates,datetime_utc_16,cache1,1,2.58673828125,3.039609375,True
dates,datetime_utc_1024,cache1,1,78.122984375,173.60904296875,True
dates,datetime_fixed_offset_scalar,cache1,1,1.5852257080078125,0.4757056579589844,True
dates,datetime_fixed_offset_16,cache1,1,3.2911552124023435,3.180609680175781,True
dates,datetime_fixed_offset_1024,cache1,1,83.35675,172.65004296875,True
dates,date_scalar,cache1,1,1.0565376281738281,0.27239041137695313,True
dates,date_16,cache1,1,1.7311088562011718,0.7071086120605469,True
dates,date_1024,cache1,1,43.537978515625,26.49291015625,True
dates,time_scalar,cache1,1,0.9660079040527344,0.2945137023925781,True
dates,time_16,cache1,1,2.3662689208984373,0.92417236328125,False
dates,time_1024,cache1,1,67.11966796875,42.0510078125,False
dates,datetime_naive_1024_zero_microseconds,cache1,1,60.258275390625,41.488412109375,True
dates,datetime_utc_1024_zero_microseconds,cache1,1,67.32834375,161.51104296875,True
dates,time_1024_zero_microseconds,cache1,1,62.26653515625,36.937015625,True
dates,datetime_naive_1024_naive_utc,cache1,1,75.6502265625,56.8776640625,True
dates,datetime_naive_1024_omit_microseconds,cache1,1,59.887572265625,41.547326171875,True
dates,datetime_naive_1024_utc_z,cache1,1,69.45360546875,53.521103515625,True
dates,datetime_naive_1024_naive_utc_omit_microseconds,cache1,1,62.209548828125,43.322087890625,True
dates,datetime_naive_1024_naive_utc_z,cache1,1,70.7273828125,55.03547265625,True
dates,datetime_naive_1024_omit_microseconds_utc_z,cache1,1,59.367279296875,40.98490234375,True
dates,datetime_naive_1024_naive_utc_omit_microseconds_utc_z,cache1,1,61.00548046875,42.907412109375,True
dates,datetime_utc_1024_omit_microseconds,cache1,1,65.89134765625,153.88431640625,True
dates,datetime_utc_1024_utc_z,cache1,1,74.2379765625,170.33187890625,True
dates,datetime_utc_1024_omit_microseconds_utc_z,cache1,1,65.380078125,152.53137109375,True
dates,time_1024_omit_microseconds,cache1,1,61.535181640625,36.1079375,True
dates,date_1024_options,cache1,1,46.3042216796875,28.7915224609375,True
dates,dates_under_dict,cache1,1,190.1260625,242.33046875,False
dates,dataclass_dates,cache1,1,352.8225390625,317.2845703125,True
dates,datetime_passthrough,cache1,1,1495.059125,1090.40146875,True
dates,datetime_subclass,cache1,1,1221.09878125,1149.91359375,True
dates,datetime_named_zero_offset_1024,cache1,1,82.28150390625,172.0345859375,True
dates,datetime_negative_offset_1024,cache1,1,91.54416796875,183.938,True
dates,datetime_seconds_offset_1024,cache1,1,91.1539375,183.2406171875,True
dates,uuid_scalar_control,cache1,1,1.0348017578125,0.3610109558105469,True
dates,uuid_list_control,cache1,1,124.44305078125,70.463625,True
dates,dict_control,cache1,1,0.47584503173828124,0.3639257507324219,True
dates,list_control,cache1,1,20.34016455078125,7.1993466796875,True
dates,string_control,cache1,1,0.2790060958862305,0.28721126556396487,True
dates,dataclass_control,cache1,1,314.4551640625,129.6265,True
numpy,datetime_Y_scalar,cache1,1,4.330745971679687,1.3000263671875,True
numpy,datetime_Y_16,cache1,1,5.630056396484375,2.4791068115234376,True
numpy,datetime_Y_4096,cache1,1,116.1791171875,295.7895859375,True
numpy,datetime_M_scalar,cache1,1,4.318174682617188,1.2759798583984374,True
numpy,datetime_M_16,cache1,1,5.556322387695312,2.73383447265625,True
numpy,datetime_M_4096,cache1,1,128.471734375,348.2548671875,True
numpy,datetime_D_scalar,cache1,1,4.312716674804688,1.2707144775390624,True
numpy,datetime_D_16,cache1,1,5.747699584960937,2.6485069580078124,True
numpy,datetime_D_4096,cache1,1,158.1538515625,341.26459375,True
numpy,datetime_s_scalar,cache1,1,4.318756103515625,1.2827103271484375,True
numpy,datetime_s_16,cache1,1,5.482672241210937,2.5895574951171874,True
numpy,datetime_s_4096,cache1,1,106.2225859375,332.4543046875,True
numpy,datetime_us_scalar,cache1,1,4.39457080078125,1.343958984375,True
numpy,datetime_us_16,cache1,1,5.567295166015625,2.93251953125,True
numpy,datetime_us_4096,cache1,1,115.9076875,427.4260546875,True
numpy,datetime_ns_scalar,cache1,1,4.437186767578125,1.3268455810546875,True
numpy,datetime_ns_16,cache1,1,5.677900390625,2.9447230224609373,True
numpy,datetime_ns_4096,cache1,1,128.26778125,428.312953125,True
numpy,datetime_us_4096_naive_utc,cache1,1,126.483015625,438.0939609375,True
numpy,datetime_us_4096_omit_microseconds,cache1,1,105.6907734375,378.328859375,True
numpy,datetime_us_4096_utc_z,cache1,1,115.75290625,427.72296875,True
numpy,datetime_us_4096_naive_utc_omit_microseconds,cache1,1,111.9988125,376.6440625,True
numpy,datetime_us_4096_naive_utc_z,cache1,1,126.29071875,432.706078125,True
numpy,datetime_us_4096_omit_microseconds_utc_z,cache1,1,104.931125,378.5721953125,True
numpy,datetime_us_4096_naive_utc_omit_microseconds_utc_z,cache1,1,109.6258828125,383.7440234375,True
numpy,datetime_us_empty,cache1,1,4.760002807617187,1.346059326171875,True
numpy,datetime_us_matrix,cache1,1,117.9460625,443.6527734375,True
numpy,datetime_us_under_dict,cache1,1,118.260984375,430.712984375,True
public,loads:apache_builds,cache1,1,519.3563114754098,411.30118666666664,True
public,dumps:apache_builds,cache1,1,224.65439999999998,83.00772456575683,True
public,loads:canada,cache1,1,29072.0,36585.421,True
public,dumps:canada,cache1,1,9538.08525,5283.103833333333,True
public,loads:citm_catalog,cache1,1,6402.075400000001,4451.199285714285,True
public,dumps:citm_catalog,cache1,1,2412.5504166666665,992.7644814814814,True
public,loads:github_events,cache1,1,243.92325471698115,189.51102747252747,True
public,dumps:github_events,cache1,1,108.68722012578615,32.44766310160428,True
public,loads:google_maps_api_response,cache1,1,136.67168776371307,89.64741666666667,True
public,dumps:google_maps_api_response,cache1,1,52.28026280991735,19.91895150273224,True
public,loads:gsoc-2018,cache1,1,6556.9172,30152.68,True
public,dumps:gsoc-2018,cache1,1,3961.1428571428573,1568.2288571428571,True
public,loads:instruments,cache1,1,935.6603333333334,657.1309545454546,True
public,dumps:instruments,cache1,1,412.7711216216216,150.39691978609625,True
public,loads:marine_ik,cache1,1,45571.689,82423.467,True
public,dumps:marine_ik,cache1,1,12633.357333333333,6996.202200000001,True
public,loads:mesh,cache1,1,5023.181333333333,3500.5744444444445,True
public,dumps:mesh,cache1,1,2609.0599166666666,1872.0091176470587,True
public,loads:numbers,cache1,1,780.2595897435898,498.90548333333334,True
public,dumps:numbers,cache1,1,483.41273333333334,389.8289350649351,True
public,loads:random,cache1,1,4432.477142857143,2893.863,True
public,dumps:random,cache1,1,1698.5506666666668,559.0315,True
public,loads:semanticscholar-corpus,cache1,1,98268.987,179495.196,True
public,dumps:semanticscholar-corpus,cache1,1,25525.561,10570.884333333333,True
public,loads:tree-pretty,cache1,1,160.36796503496504,94.04680392156862,True
public,dumps:tree-pretty,cache1,1,63.727122916666666,24.816393388429752,True
public,loads:twitter,cache1,1,3170.7194,1813.9364117647058,True
public,dumps:twitter,cache1,1,1283.0294583333332,402.86564000000004,True
public,loads:twitterescaped,cache1,1,3218.7673999999997,1909.8931875,True
public,dumps:twitterescaped,cache1,1,1300.0294347826086,427.02221621621624,True
public,loads:update-center,cache1,1,2868.899636363636,2492.282230769231,True
public,dumps:update-center,cache1,1,1434.4377272727272,508.88176666666664,True
public,loads:poet,cache1,1,16729.220666666664,34112.537,True
public,dumps:poet,cache1,1,13089.197333333334,2570.4476666666665,True
public,loads:otfcc,cache1,1,3021132.041,5031319.669,True
public,dumps:otfcc,cache1,1,1198411.079,559434.42,True
target,offsets_1_owners_1_dates,base,1,1.2012200317382813,0.49224349975585935,True
target,offsets_1_owners_16_dates,base,1,3.5139151611328123,3.014938720703125,True
target,offsets_1_owners_1024_dates,base,1,135.88155078125,171.1028203125,True
target,offsets_2_owners_16_dates,base,1,3.5908831787109374,3.062434814453125,True
target,offsets_2_owners_1024_dates,base,1,134.31576171875,167.72233984375,True
target,offsets_8_owners_16_dates,base,1,3.907886962890625,3.02869873046875,True
target,offsets_8_owners_1024_dates,base,1,135.57562109375,175.14750390625,True
target,offsets_9_owners_16_dates,base,1,3.5673597412109377,3.0260126342773437,True
target,offsets_9_owners_1024_dates,base,1,133.74945703125,169.18466015625,True
target,offsets_64_owners_16_dates,base,1,3.517424987792969,3.1407763061523437,True
target,offsets_64_owners_1024_dates,base,1,136.74755078125,174.60179296875,True
target,datetime_scalar,base,1,1.1176882934570314,0.4956422424316406,True
target,datetime_naive,base,1,75.87003515625,46.795375,True
target,datetime_utc,base,1,84.5381640625,166.3499375,True
target,scalar_integer,base,1,0.2697222366333008,0.31275926208496097,True
target,tiny_list,base,1,0.343481803894043,0.3172011947631836,True
target,tiny_dict,base,1,0.38214171600341795,0.3491620864868164,True
target,large_integers,base,1,202.10084375,71.4048984375,True
target,repeated_keys,base,1,106.312830078125,54.59602734375,True
target,early_dataclass,base,1,1.9185558471679687,0.5376180419921875,True
target,late_dataclass,base,1,2.3266237182617187,0.6079312744140625,True
target,early_default,base,1,1.9652766723632813,0.6635308837890626,True
target,late_default,base,1,2.2260574951171876,0.6934853515625,True
target,output_255_bytes,base,1,0.3704703826904297,0.4269189453125,True
target,output_256_bytes,base,1,0.3572382049560547,0.42673128509521485,True
target,output_257_bytes,base,1,0.46986083984375,0.41713551330566406,True
target,output_511_bytes,base,1,0.5137567443847656,0.4223974609375,True
target,output_512_bytes,base,1,0.4971753387451172,0.4277676544189453,True
target,output_513_bytes,base,1,0.5926488800048828,0.42224325561523435,True
target,output_1023_bytes,base,1,0.7350939178466797,0.42367794799804687,True
target,output_1024_bytes,base,1,0.7472117004394532,0.418741455078125,True
target,output_1025_bytes,base,1,0.7797010955810547,0.43598251342773436,True
target,output_16384_bytes,base,1,3.491045654296875,1.349369384765625,True
output,small,base,1,0.6390355072021484,0.4330880432128906,True
output,medium,base,1,240.8207890625,137.3774921875,True
output,integers,base,1,212.05053515625,72.314203125,True
output,floats,base,1,444.640125,363.949109375,True
output,strings,base,1,43.4351630859375,12.953724609375,True
output,escaped,base,1,172.68018359375,60.9139921875,True
output,long_string,base,1,32.85661328125,8.9113818359375,True
output,integers_wide_signed,base,1,389.306234375,698.212046875,True
output,integers_wide_unsigned,base,1,320.07321875,627.818,True
output,scalar_integer,base,1,0.2762871780395508,0.2834504699707031,True
output,integers_tiny,base,1,0.39319534301757814,0.3301584777832031,True
output,indent_integers,base,1,280.5353203125,153.5975546875,True
output,strict_integers,base,1,232.1636796875,76.5357421875,True
output,sorted_medium,base,1,370.7880703125,200.681515625,True
output,integer_keys,base,1,71.6969375,60.324103515625,True
output,dataclasses,base,1,296.6813515625,130.9047265625,True
output,dataclass_single,base,1,1.4183151245117187,0.4151366882324219,True
output,dataclass_slots_single,base,1,2.260958557128906,0.9811535034179687,True
output,dataclass_slots,base,1,1060.30934375,660.11046875,True
output,dataclass_nested,base,1,781.028078125,335.568875,True
output,dataclass_indent,base,1,331.0070234375,163.636796875,True
output,dataclass_sorted,base,1,864.51609375,422.50075,True
output,dataclass_default,base,1,432.4018125,228.44725,True
output,numpy_int64,base,1,1733.6228125,2148.653875,True
output,numpy_float32,base,1,4109.6965,4792.983625,True
output,late_default,base,1,15.81791455078125,3.79057470703125,True
output,dataclass_fields8,base,1,647.564609375,297.798578125,True
output,dataclass_fields16,base,1,1163.6260625,519.8340625,True
frontend,loads_small,base,1,1.0397518920898436,0.7983864135742188,True
frontend,loads_small_bytearray,base,1,1.0940824584960938,0.8196807250976562,True
frontend,loads_small_memoryview,base,1,1.2002420043945312,0.8718841247558594,True
frontend,loads_small_array_view,base,1,1.18687939453125,0.8234340209960938,True
frontend,loads_medium,base,1,602.56084375,451.511734375,True
frontend,loads_medium_bytearray,base,1,564.2016875,425.609625,True
frontend,loads_medium_memoryview,base,1,560.802921875,419.07884375,True
frontend,loads_medium_array_view,base,1,562.455546875,416.054953125,True
frontend,loads_integers,base,1,443.0749609375,323.8809375,True
frontend,loads_integers_bytearray,base,1,445.98796875,322.402125,True
frontend,loads_integers_memoryview,base,1,448.57034375,324.9739375,True
frontend,loads_integers_array_view,base,1,446.9461484375,320.1255,True
frontend,loads_floats,base,1,862.190484375,522.76371875,True
frontend,loads_floats_bytearray,base,1,887.78040625,534.60615625,True
frontend,loads_floats_memoryview,base,1,865.704171875,516.9230625,True
frontend,loads_floats_array_view,base,1,870.77034375,514.71140625,True
frontend,loads_strings,base,1,71.976904296875,58.801265625,True
frontend,loads_strings_bytearray,base,1,72.459943359375,58.486779296875,True
frontend,loads_strings_memoryview,base,1,73.249609375,62.760462890625,True
frontend,loads_strings_array_view,base,1,72.59502734375,59.4340546875,True
frontend,loads_escaped,base,1,433.675984375,223.0321640625,True
frontend,loads_escaped_bytearray,base,1,452.5174296875,231.612453125,True
frontend,loads_escaped_memoryview,base,1,432.354875,220.1908984375,True
frontend,loads_escaped_array_view,base,1,433.1519296875,221.314421875,True
frontend,loads_long_string,base,1,28.307583984375,81.10365625,True
frontend,loads_long_string_bytearray,base,1,35.1988828125,79.986720703125,True
frontend,loads_long_string_memoryview,base,1,35.372041015625,78.685552734375,True
frontend,loads_long_string_array_view,base,1,35.266783203125,79.178302734375,True
frontend,dumps_root_empty,base,1,0.24746736907958986,0.27101602172851563,True
frontend,loads_root_empty,base,1,0.249258056640625,0.2072411117553711,True
frontend,dumps_root_tiny,base,1,0.26411793518066407,0.2702866668701172,True
frontend,loads_root_tiny,base,1,0.279697509765625,0.34211651611328125,True
frontend,dumps_root_below_threshold,base,1,0.41745050048828125,0.41928575134277346,True
frontend,loads_root_below_threshold,base,1,0.31685687255859374,0.4646176452636719,True
frontend,dumps_root_at_threshold,base,1,0.26598727416992185,0.4257193603515625,True
frontend,loads_root_at_threshold,base,1,0.32173307800292966,0.46603544616699216,True
frontend,dumps_root_medium,base,1,0.8185639343261719,0.5755762481689453,True
frontend,loads_root_medium,base,1,1.0606365966796876,2.3983975219726563,True
frontend,dumps_root_long,base,1,21.5376865234375,7.52687451171875,True
frontend,loads_root_long,base,1,25.301298828125,72.649017578125,True
frontend,dumps_root_early_quote,base,1,24.8447724609375,7.77166357421875,True
frontend,loads_root_early_quote,base,1,32.657392578125,88.404970703125,True
frontend,dumps_root_late_quote,base,1,24.74488916015625,7.5485390625,True
frontend,loads_root_late_quote,base,1,34.8468203125,81.861375,True
frontend,dumps_root_dense_escapes,base,1,133.2834765625,328.4269453125,True
frontend,loads_root_dense_escapes,base,1,232.10969921875,156.20487109375,True
frontend,dumps_root_latin1,base,1,206.13023046875,8.0893671875,True
frontend,loads_root_latin1,base,1,254.89403125,190.1944609375,True
frontend,dumps_root_bmp,base,1,204.43093359375,8.93636328125,True
frontend,loads_root_bmp,base,1,232.096203125,149.75798828125,True
frontend,dumps_root_non_bmp,base,1,188.26790625,8.83116015625,True
frontend,loads_root_non_bmp,base,1,205.05144140625,139.8653046875,True
frontend,dumps_root_append_newline,base,1,25.120560546875,7.46934619140625,True
frontend,dumps_root_indent,base,1,22.261658203125,7.4614150390625,True
frontend,loads_escaped_values,base,1,108.096724609375,59.476076171875,True
frontend,loads_unicode_escapes,base,1,280.2568671875,75.4727578125,True
frontend,loads_repeated_escaped_keys,base,1,226.10442578125,149.977703125,True
frontend,loads_unique_escaped_keys,base,1,142.78996484375,68.50896875,True
numbers,loads_small,base,1,0.6221989440917969,0.4491968841552734,True
numbers,loads_medium,base,1,471.67796875,336.105125,True
numbers,loads_integers,base,1,475.6233984375,331.8546640625,True
numbers,loads_random_small,base,1,605.92159375,418.90053125,True
numbers,loads_wide_signed,base,1,825.43584375,681.86771875,True
numbers,loads_wide_unsigned,base,1,672.073625,499.997484375,True
numbers,loads_mixed_integers,base,1,805.488890625,774.298625,True
numbers,loads_tiny_integers,base,1,0.39896430969238283,0.35224309539794924,True
numbers,loads_scalar_integer,base,1,0.1376228675842285,0.19930612945556642,True
numbers,loads_floats,base,1,905.6210625,521.711921875,True
numbers,loads_float_bits,base,1,1417.8260625,813.8453125,True
numbers,loads_overflow_integers,base,1,1612.78459375,1106.32228125,True
numbers,loads_long_fractions,base,1,1322.265625,791.216875,True
numbers,loads_zero_forms,base,1,0.6262365417480469,0.3793368377685547,True
numbers,dumps_small,base,1,0.32410613250732423,0.19021862030029296,True
numbers,dumps_medium,base,1,190.906515625,112.8761171875,True
numbers,dumps_integers,base,1,213.093,74.94371875,True
numbers,dumps_random_small,base,1,278.000109375,150.2670703125,True
numbers,dumps_wide_signed,base,1,384.659234375,665.38440625,True
numbers,dumps_wide_unsigned,base,1,331.637046875,565.54240625,True
numbers,dumps_mixed_integers,base,1,400.637984375,639.684203125,True
numbers,dumps_tiny_integers,base,1,0.2539429473876953,0.18512641143798828,True
numbers,dumps_scalar_integer,base,1,0.13973157119750976,0.15142009353637695,True
numbers,dumps_floats,base,1,441.7059765625,365.580046875,True
numbers,dumps_float_bits,base,1,473.542546875,395.59253125,True
strings,loads/short_plain/bytes,base,1,0.1647430648803711,0.21345484924316407,True
strings,loads/short_plain/bytearray,base,1,0.18076760864257813,0.22470187377929687,True
strings,loads/short_plain/memoryview,base,1,0.2907711944580078,0.22886781311035156,True
strings,loads/short_plain/array_view,base,1,0.2804075927734375,0.3013521423339844,True
strings,dumps/short_plain/object,base,1,0.1395839729309082,0.15282221603393556,True
strings,loads/short_escaped/bytes,base,1,0.238547607421875,0.23747833251953124,True
strings,loads/short_escaped/bytearray,base,1,0.26216217041015627,0.23123029327392577,True
strings,loads/short_escaped/memoryview,base,1,0.37565370178222657,0.24871073913574218,True
strings,loads/short_escaped/array_view,base,1,0.3512122344970703,0.2321013641357422,True
strings,dumps/short_escaped/object,base,1,0.15651513671875,0.15863415908813477,True
strings,loads/plain_values/bytes,base,1,71.8733359375,61.072185546875,True
strings,loads/plain_values/bytearray,base,1,73.64767578125,60.872861328125,True
strings,loads/plain_values/memoryview,base,1,72.361115234375,58.912841796875,True
strings,loads/plain_values/array_view,base,1,72.14577734375,58.83385546875,True
strings,dumps/plain_values/object,base,1,41.037345703125,12.507080078125,True
strings,loads/escaped_values/bytes,base,1,125.56981640625,63.3494453125,True
strings,loads/escaped_values/bytearray,base,1,125.4956484375,63.207359375,True
strings,loads/escaped_values/memoryview,base,1,127.40901171875,63.8418359375,True
strings,loads/escaped_values/array_view,base,1,127.45808203125,63.13920703125,True
strings,dumps/escaped_values/object,base,1,65.1133046875,33.315154296875,True
strings,loads/unicode_escapes/bytes,base,1,290.405765625,80.3723828125,True
strings,loads/unicode_escapes/bytearray,base,1,315.4427578125,83.106515625,True
strings,loads/unicode_escapes/memoryview,base,1,293.7765390625,82.1464921875,True
strings,loads/unicode_escapes/array_view,base,1,297.31028125,80.4389140625,True
strings,dumps/unicode_escapes/object,base,1,69.3795546875,10.72746484375,True
strings,loads/escaped_keys/bytes,base,1,571.021984375,298.64446875,True
strings,loads/escaped_keys/bytearray,base,1,563.912609375,287.117640625,True
strings,loads/escaped_keys/memoryview,base,1,560.648390625,285.1345625,True
strings,loads/escaped_keys/array_view,base,1,560.51909375,284.076671875,True
strings,dumps/escaped_keys/object,base,1,165.976453125,78.23616015625,True
strings,loads/unique_keys/bytes,base,1,168.11505078125,84.7682421875,True
strings,loads/unique_keys/bytearray,base,1,169.46963671875,87.02781640625,True
strings,loads/unique_keys/memoryview,base,1,179.03025390625,94.70825,True
strings,loads/unique_keys/array_view,base,1,184.881265625,89.1733046875,True
strings,dumps/unique_keys/object,base,1,50.5397978515625,28.2257861328125,True
strings,loads/long_plain/bytes,base,1,28.34712890625,83.77953515625,True
strings,loads/long_plain/bytearray,base,1,36.69498828125,81.8419921875,True
strings,loads/long_plain/memoryview,base,1,36.190212890625,81.39099609375,True
strings,loads/long_plain/array_view,base,1,37.051794921875,81.71096484375,True
strings,dumps/long_plain/object,base,1,29.4180419921875,8.3028486328125,True
strings,loads/long_escaped/bytes,base,1,113.062568359375,100.2652890625,True
strings,loads/long_escaped/bytearray,base,1,117.548048828125,102.03011328125,True
strings,loads/long_escaped/memoryview,base,1,116.31818359375,101.850826171875,True
strings,loads/long_escaped/array_view,base,1,116.1389140625,102.16284375,True
strings,dumps/long_escaped/object,base,1,82.9913046875,92.59584375,True
strings,loads/late_escape/bytes,base,1,37.012814453125,81.77058203125,True
strings,loads/late_escape/bytearray,base,1,41.1874921875,82.301697265625,True
strings,loads/late_escape/memoryview,base,1,42.041494140625,81.796255859375,True
strings,loads/late_escape/array_view,base,1,41.76488671875,81.767734375,True
strings,dumps/late_escape/object,base,1,28.050015625,8.319873046875,True
strings,loads/medium/bytes,base,1,548.35978125,408.640578125,True
strings,loads/medium/bytearray,base,1,548.76475,404.10409375,True
strings,loads/medium/memoryview,base,1,548.64521875,408.659875,True
strings,loads/medium/array_view,base,1,559.45340625,412.194296875,True
strings,dumps/medium/object,base,1,254.5307890625,137.9077421875,True
strings,loads/integers/bytes,base,1,453.7168125,319.30865625,True
strings,loads/integers/bytearray,base,1,458.9651328125,327.6486796875,True
strings,loads/integers/memoryview,base,1,449.742015625,322.2259453125,True
strings,loads/integers/array_view,base,1,452.7459453125,337.7751796875,True
strings,dumps/integers/object,base,1,208.335046875,72.67138671875,True
dates,datetime_naive_scalar,base,1,1.1253492736816406,0.3251883850097656,True
dates,datetime_naive_16,base,1,2.522568603515625,1.0562109985351562,True
dates,datetime_naive_1024,base,1,75.24108203125,53.092734375,True
dates,datetime_utc_scalar,base,1,0.9742268981933594,0.4514995422363281,True
dates,datetime_utc_16,base,1,2.56845068359375,2.965725830078125,True
dates,datetime_utc_1024,base,1,79.61056640625,172.95428125,True
dates,datetime_fixed_offset_scalar,base,1,1.0347934265136718,0.4574604187011719,True
dates,datetime_fixed_offset_16,base,1,3.51855322265625,3.2116011352539062,True
dates,datetime_fixed_offset_1024,base,1,143.13823046875,204.965796875,True
dates,date_scalar,base,1,1.057370849609375,0.3324112548828125,True
dates,date_16,base,1,1.89256787109375,0.7952107543945313,True
dates,date_1024,base,1,50.5640830078125,29.8336591796875,True
dates,time_scalar,base,1,0.9922925109863281,0.29317813110351565,True
dates,time_16,base,1,2.5501103515625,0.9888533325195312,False
dates,time_1024,base,1,77.812298828125,47.5707734375,False
dates,datetime_naive_1024_zero_microseconds,base,1,72.275001953125,46.072580078125,True
dates,datetime_utc_1024_zero_microseconds,base,1,72.7207421875,166.81161328125,True
dates,time_1024_zero_microseconds,base,1,70.909353515625,43.936421875,True
dates,datetime_naive_1024_naive_utc,base,1,80.05445703125,58.49085546875,True
dates,datetime_naive_1024_omit_microseconds,base,1,70.7410546875,41.872435546875,True
dates,datetime_naive_1024_utc_z,base,1,78.48856640625,63.0375625,True
dates,datetime_naive_1024_naive_utc_omit_microseconds,base,1,69.575439453125,44.800552734375,True
dates,datetime_naive_1024_naive_utc_z,base,1,79.074044921875,56.68055859375,True
dates,datetime_naive_1024_omit_microseconds_utc_z,base,1,67.092353515625,41.196740234375,True
dates,datetime_naive_1024_naive_utc_omit_microseconds_utc_z,base,1,68.74163671875,43.748765625,True
dates,datetime_utc_1024_omit_microseconds,base,1,70.48671875,157.9459921875,True
dates,datetime_utc_1024_utc_z,base,1,80.88544921875,174.36142578125,True
dates,datetime_utc_1024_omit_microseconds_utc_z,base,1,69.5671953125,155.13666796875,True
dates,time_1024_omit_microseconds,base,1,63.155544921875,36.19232421875,True
dates,date_1024_options,base,1,48.972458984375,28.618125,True
dates,dates_under_dict,base,1,200.2243828125,248.36396875,False
dates,dataclass_dates,base,1,352.948546875,326.352875,True
dates,datetime_passthrough,base,1,1500.98290625,1092.60009375,True
dates,datetime_subclass,base,1,1247.55103125,1173.96596875,True
dates,datetime_named_zero_offset_1024,base,1,128.78928515625,174.67577734375,True
dates,datetime_negative_offset_1024,base,1,136.1780078125,180.69630859375,True
dates,datetime_seconds_offset_1024,base,1,136.29423828125,180.91940234375,True
dates,uuid_scalar_control,base,1,1.0085092163085938,0.367025146484375,True
dates,uuid_list_control,base,1,135.91027734375,72.210078125,True
dates,dict_control,base,1,0.4702645874023437,0.3709296417236328,True
dates,list_control,base,1,22.030048828125,7.13113818359375,True
dates,string_control,base,1,0.27341365814208984,0.29162136840820313,True
dates,dataclass_control,base,1,321.300328125,142.4113359375,True
numpy,datetime_Y_scalar,base,1,5.203288818359375,1.59205517578125,True
numpy,datetime_Y_16,base,1,6.282381591796875,2.599281005859375,True
numpy,datetime_Y_4096,base,1,119.4852265625,308.2763828125,True
numpy,datetime_M_scalar,base,1,5.012151245117187,1.438650146484375,True
numpy,datetime_M_16,base,1,7.1897081298828125,3.0576806640625,True
numpy,datetime_M_4096,base,1,129.905453125,348.1313984375,True
numpy,datetime_D_scalar,base,1,4.915875122070313,1.4228658447265625,True
numpy,datetime_D_16,base,1,6.055499633789062,2.6197037353515626,True
numpy,datetime_D_4096,base,1,158.8733984375,347.366265625,True
numpy,datetime_s_scalar,base,1,4.989995483398437,1.43480810546875,True
numpy,datetime_s_16,base,1,5.836036987304688,2.6424459228515627,True
numpy,datetime_s_4096,base,1,106.665015625,340.8999140625,True
numpy,datetime_us_scalar,base,1,4.999643676757812,1.5054854736328125,True
numpy,datetime_us_16,base,1,5.8531649169921875,3.1505313720703123,True
numpy,datetime_us_4096,base,1,116.0893828125,435.7488125,True
numpy,datetime_ns_scalar,base,1,5.016840209960938,1.507897216796875,True
numpy,datetime_ns_16,base,1,5.9419990234375,2.9231424560546877,True
numpy,datetime_ns_4096,base,1,123.4527421875,429.6485625,True
numpy,datetime_us_4096_naive_utc,base,1,123.0470625,436.7067421875,True
numpy,datetime_us_4096_omit_microseconds,base,1,102.8099375,380.10940625,True
numpy,datetime_us_4096_utc_z,base,1,117.0258828125,434.6453359375,True
numpy,datetime_us_4096_naive_utc_omit_microseconds,base,1,109.45896875,383.0181484375,True
numpy,datetime_us_4096_naive_utc_z,base,1,117.7919140625,436.095609375,True
numpy,datetime_us_4096_omit_microseconds_utc_z,base,1,103.7130703125,381.34159375,True
numpy,datetime_us_4096_naive_utc_omit_microseconds_utc_z,base,1,105.5542109375,384.8128203125,True
numpy,datetime_us_empty,base,1,4.925651245117187,1.3169056396484375,True
numpy,datetime_us_matrix,base,1,116.0900703125,439.239859375,True
numpy,datetime_us_under_dict,base,1,118.429625,432.1311328125,True
public,loads:apache_builds,base,1,489.2039166666667,436.16306756756757,True
public,dumps:apache_builds,base,1,208.43040875912408,76.75110776942356,True
public,loads:canada,base,1,30784.638,29968.299,True
public,dumps:canada,base,1,9200.586,5269.553833333333,True
public,loads:citm_catalog,base,1,6456.583799999999,4300.741142857143,True
public,dumps:citm_catalog,base,1,2429.6733846153843,875.6245142857142,True
public,loads:github_events,base,1,241.3605811965812,173.56919553072626,True
public,dumps:github_events,base,1,105.92349480968858,31.884907368421054,True
public,loads:google_maps_api_response,base,1,134.60431578947367,93.487775,True
public,dumps:google_maps_api_response,base,1,48.39022239502333,20.03885969556585,True
public,loads:gsoc-2018,base,1,6312.093,25794.859,True
public,dumps:gsoc-2018,base,1,4452.517875,1647.6554285714287,True
public,loads:instruments,base,1,948.0300606060606,701.60345,True
public,dumps:instruments,base,1,415.77412987012985,161.91052688172044,True
public,loads:marine_ik,base,1,47687.244,89786.677,True
public,dumps:marine_ik,base,1,13701.759666666667,8086.3775,True
public,loads:mesh,base,1,5213.0375,3739.1843333333336,True
public,dumps:mesh,base,1,2642.6117999999997,1810.4991764705883,True
public,loads:numbers,base,1,786.1815,503.2322295081967,True
public,dumps:numbers,base,1,500.37438709677417,442.42925675675673,True
public,loads:random,base,1,4662.7111428571425,3318.209888888889,True
public,dumps:random,base,1,1740.9831333333334,568.8878222222222,True
public,loads:semanticscholar-corpus,base,1,101970.476,194347.375,True
public,dumps:semanticscholar-corpus,base,1,25199.79,11717.997666666666,True
public,loads:tree-pretty,base,1,164.87280107526882,101.78639871382636,True
public,dumps:tree-pretty,base,1,64.74066737288136,26.488737154150197,True
public,loads:twitter,base,1,3375.8943,1873.0585625,True
public,dumps:twitter,base,1,1416.1281739130434,435.6641206896552,True
public,loads:twitterescaped,base,1,3238.9362,1997.6420666666666,True
public,dumps:twitterescaped,base,1,1329.6309166666667,419.0688108108108,True
public,loads:update-center,base,1,2867.2761,2489.2685384615384,True
public,dumps:update-center,base,1,1436.9911499999998,499.8502950819672,True
public,loads:poet,base,1,14471.5585,9554.007333333335,True
public,dumps:poet,base,1,12843.557666666666,3406.0944285714286,True
public,loads:otfcc,base,1,2951189.9,4680920.815,True
public,dumps:otfcc,base,1,1178966.068,606478.373,True
target,offsets_1_owners_1_dates,cache1,2,1.4044063110351563,0.4740128173828125,True
target,offsets_1_owners_16_dates,cache1,2,3.0602626953125,3.200254455566406,True
target,offsets_1_owners_1024_dates,cache1,2,89.3620625,175.0698203125,True
target,offsets_2_owners_16_dates,cache1,2,3.1219197998046875,3.0039176025390626,True
target,offsets_2_owners_1024_dates,cache1,2,92.92998828125,182.308203125,True
target,offsets_8_owners_16_dates,cache1,2,3.83215576171875,3.103615234375,True
target,offsets_8_owners_1024_dates,cache1,2,98.472703125,174.3622890625,True
target,offsets_9_owners_16_dates,cache1,2,4.9337041015625,3.0006051025390623,True
target,offsets_9_owners_1024_dates,cache1,2,213.943828125,177.12935546875,True
target,offsets_64_owners_16_dates,cache1,2,4.910802001953125,3.2053062744140624,True
target,offsets_64_owners_1024_dates,cache1,2,213.977765625,178.34207421875,True
target,datetime_scalar,cache1,2,1.6109739990234375,0.4705894775390625,True
target,datetime_naive,cache1,2,69.260982421875,46.41762890625,True
target,datetime_utc,cache1,2,74.86636328125,160.68863671875,True
target,scalar_integer,cache1,2,0.26865042877197265,0.2913994903564453,True
target,tiny_list,cache1,2,0.3408281631469727,0.30894905853271487,True
target,tiny_dict,cache1,2,0.3998962860107422,0.3621387176513672,True
target,large_integers,cache1,2,217.569109375,78.878703125,True
target,repeated_keys,cache1,2,120.23498828125,55.39750390625,True
target,early_dataclass,cache1,2,1.9411331176757813,0.620349609375,True
target,late_dataclass,cache1,2,2.315871826171875,0.6036531982421875,True
target,early_default,cache1,2,1.981562744140625,0.702128173828125,True
target,late_default,cache1,2,2.3825086669921873,0.7081928100585938,True
target,output_255_bytes,cache1,2,0.37336933898925784,0.5038507690429688,True
target,output_256_bytes,cache1,2,0.37844100952148435,0.45527394104003904,True
target,output_257_bytes,cache1,2,0.4842548065185547,0.4431114196777344,True
target,output_511_bytes,cache1,2,0.5121295166015625,0.4495429992675781,True
target,output_512_bytes,cache1,2,0.5120490570068359,0.4482964630126953,True
target,output_513_bytes,cache1,2,0.708048843383789,0.4465898742675781,True
target,output_1023_bytes,cache1,2,0.7879887084960937,0.47588258361816405,True
target,output_1024_bytes,cache1,2,0.8866942138671875,0.46394329833984377,True
target,output_1025_bytes,cache1,2,0.8113541259765625,0.5873674926757813,True
target,output_16384_bytes,cache1,2,3.5066629028320313,1.3152210083007811,True
output,small,cache1,2,0.629241943359375,0.4888592071533203,True
output,medium,cache1,2,232.04090625,132.3744375,True
output,integers,cache1,2,191.182640625,71.37062109375,True
output,floats,cache1,2,444.665671875,395.8266484375,True
output,strings,cache1,2,47.650328125,12.8934541015625,True
output,escaped,cache1,2,175.4041328125,66.26094140625,True
output,long_string,cache1,2,25.3538681640625,8.1775478515625,True
output,integers_wide_signed,cache1,2,360.942890625,706.441546875,True
output,integers_wide_unsigned,cache1,2,321.849890625,550.2424375,True
output,scalar_integer,cache1,2,0.2783627014160156,0.28670761108398435,True
output,integers_tiny,cache1,2,0.3954078063964844,0.33307918548583987,True
output,indent_integers,cache1,2,229.9281171875,152.4481328125,True
output,strict_integers,cache1,2,201.55965234375,74.7608984375,True
output,sorted_medium,cache1,2,382.2967265625,200.4076875,True
output,integer_keys,cache1,2,76.73259375,61.717126953125,True
output,dataclasses,cache1,2,318.229375,139.3074296875,True
output,dataclass_single,cache1,2,1.4698660888671875,0.4342595520019531,True
output,dataclass_slots_single,cache1,2,2.2895093994140625,0.972748046875,True
output,dataclass_slots,cache1,2,1064.24684375,644.843875,True
output,dataclass_nested,cache1,2,830.6025,354.152421875,True
output,dataclass_indent,cache1,2,347.362515625,193.8508125,True
output,dataclass_sorted,cache1,2,907.589515625,382.1555625,True
output,dataclass_default,cache1,2,451.147578125,244.1419609375,True
output,numpy_int64,cache1,2,1561.65,2140.3559375,True
output,numpy_float32,cache1,2,3932.10175,4638.76,True
output,late_default,cache1,2,15.62039111328125,3.82261767578125,True
output,dataclass_fields8,cache1,2,657.9478125,296.65665625,True
output,dataclass_fields16,cache1,2,1186.94796875,488.297375,True
frontend,loads_small,cache1,2,1.056271270751953,0.7969887390136718,True
frontend,loads_small_bytearray,cache1,2,1.0812906799316406,0.9117423095703125,True
frontend,loads_small_memoryview,cache1,2,1.1980221252441405,0.8428304748535156,True
frontend,loads_small_array_view,cache1,2,1.1726109619140626,0.8148439331054688,True
frontend,loads_medium,cache1,2,591.958015625,442.729015625,True
frontend,loads_medium_bytearray,cache1,2,592.547734375,452.1650625,True
frontend,loads_medium_memoryview,cache1,2,597.12734375,431.5161875,True
frontend,loads_medium_array_view,cache1,2,578.367390625,423.45134375,True
frontend,loads_integers,cache1,2,442.895609375,332.6768046875,True
frontend,loads_integers_bytearray,cache1,2,456.930390625,335.449546875,True
frontend,loads_integers_memoryview,cache1,2,454.858546875,326.61278125,True
frontend,loads_integers_array_view,cache1,2,445.24909375,324.5693671875,True
frontend,loads_floats,cache1,2,868.66509375,526.614046875,True
frontend,loads_floats_bytearray,cache1,2,874.95946875,542.612015625,True
frontend,loads_floats_memoryview,cache1,2,931.81896875,588.559078125,True
frontend,loads_floats_array_view,cache1,2,935.719703125,549.3735,True
frontend,loads_strings,cache1,2,73.244822265625,63.22215234375,True
frontend,loads_strings_bytearray,cache1,2,74.6880703125,59.95056640625,True
frontend,loads_strings_memoryview,cache1,2,78.40962109375,59.88323046875,True
frontend,loads_strings_array_view,cache1,2,76.0003984375,60.274986328125,True
frontend,loads_escaped,cache1,2,429.4231484375,223.05415625,True
frontend,loads_escaped_bytearray,cache1,2,434.710359375,223.3164375,True
frontend,loads_escaped_memoryview,cache1,2,434.6400625,220.932734375,True
frontend,loads_escaped_array_view,cache1,2,433.9577109375,219.7558203125,True
frontend,loads_long_string,cache1,2,31.694966796875,82.328619140625,True
frontend,loads_long_string_bytearray,cache1,2,38.4976796875,85.313083984375,True
frontend,loads_long_string_memoryview,cache1,2,36.07655078125,79.9267421875,True
frontend,loads_long_string_array_view,cache1,2,36.998822265625,81.047787109375,True
frontend,dumps_root_empty,cache1,2,0.26180704498291013,0.2853497772216797,True
frontend,loads_root_empty,cache1,2,0.24178308868408202,0.16854484558105468,True
frontend,dumps_root_tiny,cache1,2,0.2771272430419922,0.2737444915771484,True
frontend,loads_root_tiny,cache1,2,0.285219352722168,0.348348876953125,True
frontend,dumps_root_below_threshold,cache1,2,0.4436304016113281,0.46310860443115237,True
frontend,loads_root_below_threshold,cache1,2,0.33962948608398436,0.472170654296875,True
frontend,dumps_root_at_threshold,cache1,2,0.2795789489746094,0.44008695220947264,True
frontend,loads_root_at_threshold,cache1,2,0.33614073181152343,0.4843365783691406,True
frontend,dumps_root_medium,cache1,2,0.8425790863037109,0.6250929412841797,True
frontend,loads_root_medium,cache1,2,1.1079766235351562,2.49529296875,True
frontend,dumps_root_long,cache1,2,23.36724560546875,7.83761962890625,True
frontend,loads_root_long,cache1,2,27.6502734375,79.825017578125,True
frontend,dumps_root_early_quote,cache1,2,25.743380859375,8.0869423828125,True
frontend,loads_root_early_quote,cache1,2,36.362021484375,93.428029296875,True
frontend,dumps_root_late_quote,cache1,2,26.03824365234375,7.83371044921875,True
frontend,loads_root_late_quote,cache1,2,33.439904296875,73.55507421875,True
frontend,dumps_root_dense_escapes,cache1,2,139.00353125,356.669953125,True
frontend,loads_root_dense_escapes,cache1,2,213.4623125,164.69081640625,True
frontend,dumps_root_latin1,cache1,2,222.66511328125,7.74971875,True
frontend,loads_root_latin1,cache1,2,252.1972109375,194.660421875,True
frontend,dumps_root_bmp,cache1,2,214.2812109375,9.3419140625,True
frontend,loads_root_bmp,cache1,2,247.6874296875,180.920984375,True
frontend,dumps_root_non_bmp,cache1,2,172.84642578125,7.9243125,True
frontend,loads_root_non_bmp,cache1,2,216.41496875,142.6187734375,True
frontend,dumps_root_append_newline,cache1,2,20.4924169921875,7.6343828125,True
frontend,dumps_root_indent,cache1,2,21.02912744140625,7.860798828125,True
frontend,loads_escaped_values,cache1,2,109.629185546875,64.36526171875,True
frontend,loads_unicode_escapes,cache1,2,316.09859375,95.0442109375,True
frontend,loads_repeated_escaped_keys,cache1,2,225.08098828125,154.011765625,True
frontend,loads_unique_escaped_keys,cache1,2,140.72408984375,72.05692578125,True
numbers,loads_small,cache1,2,0.6176546325683594,0.46123858642578125,True
numbers,loads_medium,cache1,2,475.836484375,342.16453125,True
numbers,loads_integers,cache1,2,449.61465625,322.96184375,True
numbers,loads_random_small,cache1,2,544.44353125,407.954484375,True
numbers,loads_wide_signed,cache1,2,748.530796875,649.417796875,True
numbers,loads_wide_unsigned,cache1,2,700.372875,550.653328125,True
numbers,loads_mixed_integers,cache1,2,769.65471875,665.7276875,True
numbers,loads_tiny_integers,cache1,2,0.37554202270507814,0.3740929870605469,True
numbers,loads_scalar_integer,cache1,2,0.13750647735595703,0.22669329071044922,True
numbers,loads_floats,cache1,2,956.03603125,578.04321875,True
numbers,loads_float_bits,cache1,2,1397.9165625,828.19934375,True
numbers,loads_overflow_integers,cache1,2,1687.3573125,1116.4619375,True
numbers,loads_long_fractions,cache1,2,1324.38903125,836.80640625,True
numbers,loads_zero_forms,cache1,2,0.6247799835205078,0.4110079650878906,True
numbers,dumps_small,cache1,2,0.3671471176147461,0.23788516998291015,True
numbers,dumps_medium,cache1,2,225.70215625,120.61385546875,True
numbers,dumps_integers,cache1,2,206.49142578125,74.25675,True
numbers,dumps_random_small,cache1,2,267.0005546875,152.0435078125,True
numbers,dumps_wide_signed,cache1,2,398.072421875,674.4259375,True
numbers,dumps_wide_unsigned,cache1,2,338.775078125,616.420515625,True
numbers,dumps_mixed_integers,cache1,2,409.617203125,668.030125,True
numbers,dumps_tiny_integers,cache1,2,0.25107842254638674,0.20309282684326171,True
numbers,dumps_scalar_integer,cache1,2,0.15070293426513673,0.1802694091796875,True
numbers,dumps_floats,cache1,2,448.41684375,377.025546875,True
numbers,dumps_float_bits,cache1,2,489.438484375,439.87753125,True
strings,loads/short_plain/bytes,cache1,2,0.1714351501464844,0.2311250228881836,True
strings,loads/short_plain/bytearray,cache1,2,0.1883449020385742,0.25911946868896485,True
strings,loads/short_plain/memoryview,cache1,2,0.34928416442871096,0.2848080139160156,True
strings,loads/short_plain/array_view,cache1,2,0.2848421630859375,0.2753939743041992,True
strings,dumps/short_plain/object,cache1,2,0.13983169174194335,0.16278699493408202,True
strings,loads/short_escaped/bytes,cache1,2,0.24056232452392579,0.2236467056274414,True
strings,loads/short_escaped/bytearray,cache1,2,0.261117057800293,0.23099119567871093,True
strings,loads/short_escaped/memoryview,cache1,2,0.35133680725097655,0.23078689575195313,True
strings,loads/short_escaped/array_view,cache1,2,0.35116383361816406,0.23449034881591796,True
strings,dumps/short_escaped/object,cache1,2,0.17970333862304688,0.1940490493774414,True
strings,loads/plain_values/bytes,cache1,2,74.1846484375,60.077767578125,True
strings,loads/plain_values/bytearray,cache1,2,73.520484375,59.76323828125,True
strings,loads/plain_values/memoryview,cache1,2,73.250619140625,59.1499609375,True
strings,loads/plain_values/array_view,cache1,2,89.3631953125,61.7651484375,True
strings,dumps/plain_values/object,cache1,2,47.141515625,13.64577734375,True
strings,loads/escaped_values/bytes,cache1,2,123.5611953125,64.2178671875,True
strings,loads/escaped_values/bytearray,cache1,2,126.30246484375,64.3743125,True
strings,loads/escaped_values/memoryview,cache1,2,130.14307421875,65.05137109375,True
strings,loads/escaped_values/array_view,cache1,2,126.29736328125,66.9093671875,True
strings,dumps/escaped_values/object,cache1,2,70.836306640625,33.60073828125,True
strings,loads/unicode_escapes/bytes,cache1,2,298.639578125,81.4908046875,True
strings,loads/unicode_escapes/bytearray,cache1,2,302.8036875,80.7636875,True
strings,loads/unicode_escapes/memoryview,cache1,2,302.7073125,79.7618203125,True
strings,loads/unicode_escapes/array_view,cache1,2,310.9896796875,82.9089140625,True
strings,dumps/unicode_escapes/object,cache1,2,65.246802734375,11.453765625,True
strings,loads/escaped_keys/bytes,cache1,2,577.779640625,304.2490625,True
strings,loads/escaped_keys/bytearray,cache1,2,608.308140625,309.33178125,True
strings,loads/escaped_keys/memoryview,cache1,2,604.46746875,300.694421875,True
strings,loads/escaped_keys/array_view,cache1,2,586.042828125,287.38384375,True
strings,dumps/escaped_keys/object,cache1,2,190.16825,82.23321875,True
strings,loads/unique_keys/bytes,cache1,2,193.0454921875,91.52568359375,True
strings,loads/unique_keys/bytearray,cache1,2,174.22596484375,85.487015625,True
strings,loads/unique_keys/memoryview,cache1,2,184.23366796875,89.54656640625,True
strings,loads/unique_keys/array_view,cache1,2,184.7300546875,95.123390625,True
strings,dumps/unique_keys/object,cache1,2,54.1376748046875,23.233224609375,True
strings,loads/long_plain/bytes,cache1,2,31.602921875,84.0814296875,True
strings,loads/long_plain/bytearray,cache1,2,37.159072265625,84.117916015625,True
strings,loads/long_plain/memoryview,cache1,2,36.978525390625,82.6886796875,True
strings,loads/long_plain/array_view,cache1,2,37.73881640625,85.31482421875,True
strings,dumps/long_plain/object,cache1,2,29.18241796875,8.4664169921875,True
strings,loads/long_escaped/bytes,cache1,2,112.843056640625,102.462447265625,True
strings,loads/long_escaped/bytearray,cache1,2,114.29290234375,105.131068359375,True
strings,loads/long_escaped/memoryview,cache1,2,109.168966796875,100.975677734375,True
strings,loads/long_escaped/array_view,cache1,2,110.945794921875,100.630783203125,True
strings,dumps/long_escaped/object,cache1,2,88.857470703125,93.90976171875,True
strings,loads/late_escape/bytes,cache1,2,36.880732421875,82.099984375,True
strings,loads/late_escape/bytearray,cache1,2,41.892119140625,81.51951953125,True
strings,loads/late_escape/memoryview,cache1,2,41.989740234375,82.662802734375,True
strings,loads/late_escape/array_view,cache1,2,42.5312109375,82.02749609375,True
strings,dumps/late_escape/object,cache1,2,29.7817216796875,8.682763671875,True
strings,loads/medium/bytes,cache1,2,552.786546875,408.021046875,True
strings,loads/medium/bytearray,cache1,2,564.885359375,419.662421875,True
strings,loads/medium/memoryview,cache1,2,591.380125,446.72153125,True
strings,loads/medium/array_view,cache1,2,569.222390625,410.10309375,True
strings,dumps/medium/object,cache1,2,270.162796875,137.8498203125,True
strings,loads/integers/bytes,cache1,2,481.9280625,335.681828125,True
strings,loads/integers/bytearray,cache1,2,463.7964765625,335.0447109375,True
strings,loads/integers/memoryview,cache1,2,445.4306328125,345.8632265625,True
strings,loads/integers/array_view,cache1,2,452.2098515625,327.016171875,True
strings,dumps/integers/object,cache1,2,202.56349609375,73.63267578125,True
dates,datetime_naive_scalar,cache1,2,1.0196123657226563,0.37552365112304686,True
dates,datetime_naive_16,cache1,2,2.6342286376953123,1.113754150390625,True
dates,datetime_naive_1024,cache1,2,70.132140625,54.623501953125,True
dates,datetime_utc_scalar,cache1,2,1.0263086547851563,0.47181790161132814,True
dates,datetime_utc_16,cache1,2,2.5902637939453124,3.0063156127929687,True
dates,datetime_utc_1024,cache1,2,78.94962890625,170.8831796875,True
dates,datetime_fixed_offset_scalar,cache1,2,1.5596536254882813,0.4811917419433594,True
dates,datetime_fixed_offset_16,cache1,2,3.45658203125,3.1557431640625,True
dates,datetime_fixed_offset_1024,cache1,2,91.95671875,181.63943359375,True
dates,date_scalar,cache1,2,0.9645666809082031,0.2811651611328125,True
dates,date_16,cache1,2,1.7796442260742187,0.7272482604980469,True
dates,date_1024,cache1,2,46.182779296875,28.31195703125,True
dates,time_scalar,cache1,2,0.9860127258300782,0.28993112182617187,True
dates,time_16,cache1,2,2.4525743408203127,0.948632568359375,False
dates,time_1024,cache1,2,69.631408203125,44.848078125,False
dates,datetime_naive_1024_zero_microseconds,cache1,2,60.67158984375,42.232755859375,True
dates,datetime_utc_1024_zero_microseconds,cache1,2,71.25824609375,164.456734375,True
dates,time_1024_zero_microseconds,cache1,2,61.6405,36.64067578125,True
dates,datetime_naive_1024_naive_utc,cache1,2,75.759353515625,57.02348828125,True
dates,datetime_naive_1024_omit_microseconds,cache1,2,60.1156953125,41.176638671875,True
dates,datetime_naive_1024_utc_z,cache1,2,69.448154296875,53.642177734375,True
dates,datetime_naive_1024_naive_utc_omit_microseconds,cache1,2,64.374646484375,43.027658203125,True
dates,datetime_naive_1024_naive_utc_z,cache1,2,74.88989453125,57.04054296875,True
dates,datetime_naive_1024_omit_microseconds_utc_z,cache1,2,63.7367421875,41.841078125,True
dates,datetime_naive_1024_naive_utc_omit_microseconds_utc_z,cache1,2,65.67031640625,45.054041015625,True
dates,datetime_utc_1024_omit_microseconds,cache1,2,67.77532421875,154.8947578125,True
dates,datetime_utc_1024_utc_z,cache1,2,83.5193515625,192.8968203125,True
dates,datetime_utc_1024_omit_microseconds_utc_z,cache1,2,68.69396484375,151.9785,True
dates,time_1024_omit_microseconds,cache1,2,63.70846484375,37.469490234375,True
dates,date_1024_options,cache1,2,50.7824306640625,30.111802734375,True
dates,dates_under_dict,cache1,2,195.614921875,245.811046875,False
dates,dataclass_dates,cache1,2,361.916265625,324.6445390625,True
dates,datetime_passthrough,cache1,2,1500.26234375,1084.7156875,True
dates,datetime_subclass,cache1,2,1228.09828125,1151.25378125,True
dates,datetime_named_zero_offset_1024,cache1,2,85.70443359375,187.34365234375,True
dates,datetime_negative_offset_1024,cache1,2,100.42221484375,199.423640625,True
dates,datetime_seconds_offset_1024,cache1,2,95.169578125,193.89303125,True
dates,uuid_scalar_control,cache1,2,1.0308134460449219,0.36090203857421876,True
dates,uuid_list_control,cache1,2,132.678390625,73.34885546875,True
dates,dict_control,cache1,2,0.48739166259765626,0.38584529113769533,True
dates,list_control,cache1,2,20.22211279296875,7.2442060546875,True
dates,string_control,cache1,2,0.28557865142822264,0.2964352722167969,True
dates,dataclass_control,cache1,2,317.1663125,129.3518828125,True
numpy,datetime_Y_scalar,cache1,2,4.811039794921875,1.521791015625,True
numpy,datetime_Y_16,cache1,2,5.690742309570313,2.5901829833984373,True
numpy,datetime_Y_4096,cache1,2,113.763859375,309.92109375,True
numpy,datetime_M_scalar,cache1,2,4.5900201416015625,1.40119091796875,True
numpy,datetime_M_16,cache1,2,6.122824584960937,2.9766444091796873,True
numpy,datetime_M_4096,cache1,2,129.9585390625,361.6039140625,True
numpy,datetime_D_scalar,cache1,2,4.816732055664063,1.36561572265625,True
numpy,datetime_D_16,cache1,2,6.465333862304687,2.802616943359375,True
numpy,datetime_D_4096,cache1,2,155.921609375,338.6281953125,True
numpy,datetime_s_scalar,cache1,2,4.390841796875,1.368597900390625,True
numpy,datetime_s_16,cache1,2,5.952018676757812,2.9366026611328127,True
numpy,datetime_s_4096,cache1,2,130.208640625,340.0568828125,True
numpy,datetime_us_scalar,cache1,2,4.565608764648437,1.4234873046875,True
numpy,datetime_us_16,cache1,2,5.723771362304688,3.063732177734375,True
numpy,datetime_us_4096,cache1,2,117.185171875,437.4014609375,True
numpy,datetime_ns_scalar,cache1,2,4.571847900390625,1.42661572265625,True
numpy,datetime_ns_16,cache1,2,5.787301513671875,3.0676021728515623,True
numpy,datetime_ns_4096,cache1,2,134.78575,442.0863125,True
numpy,datetime_us_4096_naive_utc,cache1,2,138.7300546875,450.717984375,True
numpy,datetime_us_4096_omit_microseconds,cache1,2,110.5952265625,389.18053125,True
numpy,datetime_us_4096_utc_z,cache1,2,117.460375,445.444859375,True
numpy,datetime_us_4096_naive_utc_omit_microseconds,cache1,2,120.445046875,404.0850078125,True
numpy,datetime_us_4096_naive_utc_z,cache1,2,132.6693671875,441.0684140625,True
numpy,datetime_us_4096_omit_microseconds_utc_z,cache1,2,104.5391640625,377.0165234375,True
numpy,datetime_us_4096_naive_utc_omit_microseconds_utc_z,cache1,2,109.4149296875,379.9516015625,True
numpy,datetime_us_empty,cache1,2,4.807038452148437,1.2931646728515624,True
numpy,datetime_us_matrix,cache1,2,116.636546875,438.1055234375,True
numpy,datetime_us_under_dict,cache1,2,118.193046875,427.20171875,True
public,loads:apache_builds,cache1,2,514.9170508474576,437.36547916666666,True
public,dumps:apache_builds,cache1,2,215.558661971831,75.65101225490196,True
public,loads:canada,cache1,2,40493.388,19474.7075,True
public,dumps:canada,cache1,2,9601.7065,5445.217166666667,True
public,loads:citm_catalog,cache1,2,7583.90175,5317.1088,True
public,dumps:citm_catalog,cache1,2,2676.5634166666664,965.785625,True
public,loads:github_events,cache1,2,268.9421358024692,193.22280898876403,True
public,dumps:github_events,cache1,2,124.95101748251747,33.83001043024772,True
public,loads:google_maps_api_response,cache1,2,134.9187365591398,92.17768085106384,True
public,dumps:google_maps_api_response,cache1,2,50.35418660287081,21.140536486486486,True
public,loads:gsoc-2018,cache1,2,7423.6282,30521.575,True
public,dumps:gsoc-2018,cache1,2,4430.394428571428,1402.1238636363635,True
public,loads:instruments,cache1,2,948.4214242424242,670.7637659574468,True
public,dumps:instruments,cache1,2,396.1019830508475,148.62826865671641,True
public,loads:marine_ik,cache1,2,42753.709,82852.474,True
public,dumps:marine_ik,cache1,2,12221.441333333334,7613.0104,True
public,loads:mesh,cache1,2,5044.007666666667,3584.4525555555556,True
public,dumps:mesh,cache1,2,2849.90975,1964.437294117647,True
public,loads:numbers,cache1,2,798.317947368421,503.06679591836735,True
public,dumps:numbers,cache1,2,476.0627796610169,400.42914285714284,True
public,loads:random,cache1,2,4502.890571428572,3161.2177,True
public,dumps:random,cache1,2,1731.793388888889,570.7259636363636,True
public,loads:semanticscholar-corpus,cache1,2,112315.275,169122.687,True
public,dumps:semanticscholar-corpus,cache1,2,25966.188,11593.465666666667,True
public,loads:tree-pretty,cache1,2,162.97352688172043,98.42162037037036,True
public,dumps:tree-pretty,cache1,2,65.11467898383373,25.715713580246913,True
public,loads:twitter,cache1,2,3246.6096000000002,1920.5175625,True
public,dumps:twitter,cache1,2,1392.6334210526318,433.8561666666667,True
public,loads:twitterescaped,cache1,2,3477.365375,2034.1113333333333,True
public,dumps:twitterescaped,cache1,2,1396.0661304347827,504.24217857142855,True
public,loads:update-center,cache1,2,2909.1944545454544,2502.95,True
public,dumps:update-center,cache1,2,1546.1574285714287,537.7040175438597,True
public,loads:poet,cache1,2,15282.7945,37505.431,True
public,dumps:poet,cache1,2,12347.095333333335,2106.006888888889,True
public,loads:otfcc,cache1,2,3250438.15,5117620.435,True
public,dumps:otfcc,cache1,2,1256232.179,565334.361,True
target,offsets_1_owners_1_dates,base,2,1.262903045654297,0.544455322265625,True
target,offsets_1_owners_16_dates,base,2,3.8649378662109375,3.47355078125,True
target,offsets_1_owners_1024_dates,base,2,135.73066015625,175.67256640625,True
target,offsets_2_owners_16_dates,base,2,3.5947406616210937,3.2390811767578125,True
target,offsets_2_owners_1024_dates,base,2,139.04368359375,178.65994140625,True
target,offsets_8_owners_16_dates,base,2,3.563153747558594,3.1294757690429686,True
target,offsets_8_owners_1024_dates,base,2,135.250390625,172.218390625,True
target,offsets_9_owners_16_dates,base,2,3.532517333984375,3.125658935546875,True
target,offsets_9_owners_1024_dates,base,2,135.33616015625,176.7211640625,True
target,offsets_64_owners_16_dates,base,2,3.5482647094726563,3.4635370483398438,True
target,offsets_64_owners_1024_dates,base,2,133.86272265625,172.64247265625,True
target,datetime_scalar,base,2,1.0564013061523438,0.46832830810546877,True
target,datetime_naive,base,2,74.36287890625,46.517943359375,True
target,datetime_utc,base,2,77.7314140625,160.9355859375,True
target,scalar_integer,base,2,0.2659636535644531,0.30605780792236326,True
target,tiny_list,base,2,0.34854840850830077,0.3201069183349609,True
target,tiny_dict,base,2,0.38298094940185545,0.35088553619384766,True
target,large_integers,base,2,201.0096328125,71.68242578125,True
target,repeated_keys,base,2,106.001431640625,54.833388671875,True
target,early_dataclass,base,2,2.052615234375,0.5512730102539063,True
target,late_dataclass,base,2,2.3067554321289063,0.587519775390625,True
target,early_default,base,2,2.0595231323242187,0.7002705688476563,True
target,late_default,base,2,2.2697158203125,0.6826055908203125,True
target,output_255_bytes,base,2,0.37171104431152346,0.4419470672607422,True
target,output_256_bytes,base,2,0.3595933074951172,0.43531045532226564,True
target,output_257_bytes,base,2,0.46957051086425783,0.4476077423095703,True
target,output_511_bytes,base,2,0.5123738098144531,0.4408603515625,True
target,output_512_bytes,base,2,0.5049063720703125,0.430152099609375,True
target,output_513_bytes,base,2,0.6115314636230469,0.44276194763183596,True
target,output_1023_bytes,base,2,0.7964869689941406,0.45063267517089844,True
target,output_1024_bytes,base,2,0.8250411071777344,0.443255859375,True
target,output_1025_bytes,base,2,0.8147115173339844,0.4397602691650391,True
target,output_16384_bytes,base,2,3.187872497558594,1.3205537719726563,True
output,small,base,2,0.6319452514648437,0.4427889099121094,True
output,medium,base,2,236.8363046875,130.9903125,True
output,integers,base,2,203.35790234375,72.39550390625,True
output,floats,base,2,456.480890625,389.19653125,True
output,strings,base,2,42.4919990234375,14.1459150390625,True
output,escaped,base,2,183.11900390625,59.492359375,True
output,long_string,base,2,25.0383583984375,8.5976318359375,True
output,integers_wide_signed,base,2,406.67321875,683.491703125,True
output,integers_wide_unsigned,base,2,310.887390625,559.8504375,True
output,scalar_integer,base,2,0.27484466552734377,0.2843365249633789,True
output,integers_tiny,base,2,0.39533349609375,0.3246108322143555,True
output,indent_integers,base,2,269.5652890625,147.386015625,True
output,strict_integers,base,2,229.63675,74.20645703125,True
output,sorted_medium,base,2,367.6531796875,194.407546875,True
output,integer_keys,base,2,71.4878828125,60.633658203125,True
output,dataclasses,base,2,306.586203125,130.397640625,True
output,dataclass_single,base,2,1.4394949951171876,0.41659542846679687,True
output,dataclass_slots_single,base,2,2.252988220214844,0.9664522705078125,True
output,dataclass_slots,base,2,1049.67396875,640.33434375,True
output,dataclass_nested,base,2,806.042625,349.679,True
output,dataclass_indent,base,2,337.3414453125,176.3128203125,True
output,dataclass_sorted,base,2,849.020375,364.243953125,True
output,dataclass_default,base,2,440.3798203125,228.476265625,True
output,numpy_int64,base,2,1741.0559375,2230.5426875,True
output,numpy_float32,base,2,4115.588,4912.542,True
output,late_default,base,2,15.57255810546875,3.71256494140625,True
output,dataclass_fields8,base,2,656.123484375,300.74175,True
output,dataclass_fields16,base,2,1153.8469375,490.99815625,True
frontend,loads_small,base,2,1.0770709533691407,0.8482677001953125,True
frontend,loads_small_bytearray,base,2,1.1417142944335938,0.8497017517089843,True
frontend,loads_small_memoryview,base,2,1.2261300354003906,0.8564432983398438,True
frontend,loads_small_array_view,base,2,1.2027916870117188,0.83826708984375,True
frontend,loads_medium,base,2,549.475390625,426.00896875,True
frontend,loads_medium_bytearray,base,2,555.30309375,409.202765625,True
frontend,loads_medium_memoryview,base,2,558.48103125,409.482140625,True
frontend,loads_medium_array_view,base,2,553.372625,408.494875,True
frontend,loads_integers,base,2,447.144953125,323.708265625,True
frontend,loads_integers_bytearray,base,2,462.4158515625,329.8257265625,True
frontend,loads_integers_memoryview,base,2,456.5502578125,328.8725234375,True
frontend,loads_integers_array_view,base,2,455.436671875,327.2783203125,True
frontend,loads_floats,base,2,873.019640625,533.924296875,True
frontend,loads_floats_bytearray,base,2,893.2784375,530.774390625,True
frontend,loads_floats_memoryview,base,2,886.023046875,531.080640625,True
frontend,loads_floats_array_view,base,2,908.11021875,537.759,True
frontend,loads_strings,base,2,72.99803515625,61.74869140625,True
frontend,loads_strings_bytearray,base,2,73.14599609375,59.645990234375,True
frontend,loads_strings_memoryview,base,2,74.587607421875,62.566259765625,True
frontend,loads_strings_array_view,base,2,72.527439453125,59.218126953125,True
frontend,loads_escaped,base,2,432.901,221.9787109375,True
frontend,loads_escaped_bytearray,base,2,458.1264453125,223.80303125,True
frontend,loads_escaped_memoryview,base,2,444.652265625,230.3203046875,True
frontend,loads_escaped_array_view,base,2,444.1577734375,223.4440625,True
frontend,loads_long_string,base,2,29.092908203125,88.1539921875,True
frontend,loads_long_string_bytearray,base,2,35.32769140625,79.084603515625,True
frontend,loads_long_string_memoryview,base,2,36.204599609375,79.64490625,True
frontend,loads_long_string_array_view,base,2,35.524474609375,80.036876953125,True
frontend,dumps_root_empty,base,2,0.24590788269042968,0.2669998245239258,True
frontend,loads_root_empty,base,2,0.23444071197509767,0.16465596771240235,True
frontend,dumps_root_tiny,base,2,0.2709415969848633,0.27812619018554685,True
frontend,loads_root_tiny,base,2,0.283959602355957,0.35057305908203124,True
frontend,dumps_root_below_threshold,base,2,0.42691148376464844,0.429507568359375,True
frontend,loads_root_below_threshold,base,2,0.3253744506835938,0.46714822387695315,True
frontend,dumps_root_at_threshold,base,2,0.2682068862915039,0.4272138214111328,True
frontend,loads_root_at_threshold,base,2,0.33280743408203123,0.4626610260009766,True
frontend,dumps_root_medium,base,2,0.8250649719238281,0.5855152130126953,True
frontend,loads_root_medium,base,2,1.1285693359375,2.4323429565429686,True
frontend,dumps_root_long,base,2,20.80571142578125,7.5069072265625,True
frontend,loads_root_long,base,2,25.097529296875,72.49615234375,True
frontend,dumps_root_early_quote,base,2,24.96018017578125,7.56980419921875,True
frontend,loads_root_early_quote,base,2,34.58193359375,90.139373046875,True
frontend,dumps_root_late_quote,base,2,25.26340771484375,7.70769189453125,True
frontend,loads_root_late_quote,base,2,33.133328125,72.77598828125,True
frontend,dumps_root_dense_escapes,base,2,132.53759375,332.619171875,True
frontend,loads_root_dense_escapes,base,2,228.5733125,164.3433984375,True
frontend,dumps_root_latin1,base,2,218.4710859375,8.37268359375,True
frontend,loads_root_latin1,base,2,249.39365625,188.439625,True
frontend,dumps_root_bmp,base,2,209.36498828125,7.6988203125,True
frontend,loads_root_bmp,base,2,248.8215625,154.22109375,True
frontend,dumps_root_non_bmp,base,2,184.6121640625,9.36619140625,True
frontend,loads_root_non_bmp,base,2,205.64853515625,153.7059375,True
frontend,dumps_root_append_newline,base,2,27.0279072265625,8.27759521484375,True
frontend,dumps_root_indent,base,2,21.710109375,8.17376025390625,True
frontend,loads_escaped_values,base,2,104.28683984375,57.305498046875,True
frontend,loads_unicode_escapes,base,2,278.2950546875,75.3356015625,True
frontend,loads_repeated_escaped_keys,base,2,214.19758203125,141.4061640625,True
frontend,loads_unique_escaped_keys,base,2,140.1269375,67.984421875,True
numbers,loads_small,base,2,0.6291330108642578,0.44662364196777343,True
numbers,loads_medium,base,2,474.99184375,335.162984375,True
numbers,loads_integers,base,2,456.9226484375,324.001390625,True
numbers,loads_random_small,base,2,541.617953125,407.05446875,True
numbers,loads_wide_signed,base,2,786.09053125,675.209390625,True
numbers,loads_wide_unsigned,base,2,654.56465625,497.465578125,True
numbers,loads_mixed_integers,base,2,787.414234375,673.748125,True
numbers,loads_tiny_integers,base,2,0.38560287475585936,0.3490227355957031,True
numbers,loads_scalar_integer,base,2,0.13841951751708984,0.20143972396850585,True
numbers,loads_floats,base,2,841.07953125,511.59075,True
numbers,loads_float_bits,base,2,1348.415375,745.38984375,True
numbers,loads_overflow_integers,base,2,1621.121125,1089.34275,True
numbers,loads_long_fractions,base,2,1362.8874375,809.36625,True
numbers,loads_zero_forms,base,2,0.6243249053955078,0.3833990325927734,True
numbers,dumps_small,base,2,0.34431201171875,0.1972384796142578,True
numbers,dumps_medium,base,2,191.3382265625,115.3296015625,True
numbers,dumps_integers,base,2,222.623375,71.99637109375,True
numbers,dumps_random_small,base,2,280.62809375,153.2244296875,True
numbers,dumps_wide_signed,base,2,395.13178125,676.5105625,True
numbers,dumps_wide_unsigned,base,2,327.573671875,575.462640625,True
numbers,dumps_mixed_integers,base,2,423.219390625,708.367140625,True
numbers,dumps_tiny_integers,base,2,0.2609144973754883,0.18644940185546874,True
numbers,dumps_scalar_integer,base,2,0.14046594619750977,0.15614510345458985,True
numbers,dumps_floats,base,2,520.575515625,379.30553125,True
numbers,dumps_float_bits,base,2,485.5539375,408.419234375,True
strings,loads/short_plain/bytes,base,2,0.16183707809448242,0.22243954467773439,True
strings,loads/short_plain/bytearray,base,2,0.18742149353027343,0.22185450744628907,True
strings,loads/short_plain/memoryview,base,2,0.27894213104248045,0.22013048553466796,True
strings,loads/short_plain/array_view,base,2,0.27927776336669924,0.21996287536621092,True
strings,dumps/short_plain/object,base,2,0.14729077529907225,0.15631222152709962,True
strings,loads/short_escaped/bytes,base,2,0.26196066284179687,0.25848937225341795,True
strings,loads/short_escaped/bytearray,base,2,0.292049446105957,0.24458839416503905,True
strings,loads/short_escaped/memoryview,base,2,0.3583495483398437,0.23511012268066406,True
strings,loads/short_escaped/array_view,base,2,0.3735948715209961,0.2334018325805664,True
strings,dumps/short_escaped/object,base,2,0.16185739517211914,0.17077318954467774,True
strings,loads/plain_values/bytes,base,2,74.852484375,61.556869140625,True
strings,loads/plain_values/bytearray,base,2,87.361841796875,63.918759765625,True
strings,loads/plain_values/memoryview,base,2,72.892357421875,61.403189453125,True
strings,loads/plain_values/array_view,base,2,74.070951171875,60.756462890625,True
strings,dumps/plain_values/object,base,2,42.7073125,13.6718564453125,True
strings,loads/escaped_values/bytes,base,2,133.3211015625,70.56940234375,True
strings,loads/escaped_values/bytearray,base,2,129.80987109375,68.64079296875,True
strings,loads/escaped_values/memoryview,base,2,127.829953125,66.4487734375,True
strings,loads/escaped_values/array_view,base,2,127.84481640625,64.72425,True
strings,dumps/escaped_values/object,base,2,65.93900390625,32.93860546875,True
strings,loads/unicode_escapes/bytes,base,2,311.0941171875,107.876359375,True
strings,loads/unicode_escapes/bytearray,base,2,299.0951796875,80.52128125,True
strings,loads/unicode_escapes/memoryview,base,2,298.7598359375,79.8786640625,True
strings,loads/unicode_escapes/array_view,base,2,297.5588125,79.4651015625,True
strings,dumps/unicode_escapes/object,base,2,70.93390234375,10.96756640625,True
strings,loads/escaped_keys/bytes,base,2,564.733015625,299.102546875,True
strings,loads/escaped_keys/bytearray,base,2,565.216140625,288.242921875,True
strings,loads/escaped_keys/memoryview,base,2,562.9329375,286.125125,True
strings,loads/escaped_keys/array_view,base,2,586.767734375,284.57453125,True
strings,dumps/escaped_keys/object,base,2,175.753921875,78.01898828125,True
strings,loads/unique_keys/bytes,base,2,184.997390625,91.849234375,True
strings,loads/unique_keys/bytearray,base,2,184.7608125,91.6182578125,True
strings,loads/unique_keys/memoryview,base,2,191.49195703125,87.87886328125,True
strings,loads/unique_keys/array_view,base,2,187.7399453125,87.2634609375,True
strings,dumps/unique_keys/object,base,2,53.6964462890625,23.470501953125,True
strings,loads/long_plain/bytes,base,2,28.640873046875,82.247025390625,True
strings,loads/long_plain/bytearray,base,2,37.651310546875,94.292875,True
strings,loads/long_plain/memoryview,base,2,36.33398046875,83.252029296875,True
strings,loads/long_plain/array_view,base,2,37.1144296875,89.811779296875,True
strings,dumps/long_plain/object,base,2,30.716404296875,8.6145478515625,True
strings,loads/long_escaped/bytes,base,2,119.2353828125,103.77772265625,True
strings,loads/long_escaped/bytearray,base,2,119.349890625,104.15723046875,True
strings,loads/long_escaped/memoryview,base,2,147.987,109.546578125,True
strings,loads/long_escaped/array_view,base,2,118.62703515625,104.2050546875,True
strings,dumps/long_escaped/object,base,2,82.721099609375,93.642822265625,True
strings,loads/late_escape/bytes,base,2,37.165951171875,83.785564453125,True
strings,loads/late_escape/bytearray,base,2,46.8676953125,86.727140625,True
strings,loads/late_escape/memoryview,base,2,41.918380859375,83.91581640625,True
strings,loads/late_escape/array_view,base,2,42.63666015625,89.2547890625,True
strings,dumps/late_escape/object,base,2,29.5443564453125,8.61843359375,True
strings,loads/medium/bytes,base,2,551.952265625,415.85253125,True
strings,loads/medium/bytearray,base,2,565.85103125,410.088234375,True
strings,loads/medium/memoryview,base,2,619.87240625,464.591,True
strings,loads/medium/array_view,base,2,590.262734375,420.810546875,True
strings,dumps/medium/object,base,2,247.41053125,159.5399296875,True
strings,loads/integers/bytes,base,2,437.455609375,325.5955859375,True
strings,loads/integers/bytearray,base,2,441.4707421875,334.78728125,True
strings,loads/integers/memoryview,base,2,447.985140625,334.009390625,True
strings,loads/integers/array_view,base,2,441.865125,326.394546875,True
strings,dumps/integers/object,base,2,219.600703125,74.00135546875,True
dates,datetime_naive_scalar,base,2,1.041202178955078,0.31849032592773435,True
dates,datetime_naive_16,base,2,2.6374400024414064,1.0415654296875,True
dates,datetime_naive_1024,base,2,76.567546875,70.58828515625,True
dates,datetime_utc_scalar,base,2,1.0464286193847656,0.4511627502441406,True
dates,datetime_utc_16,base,2,2.655531066894531,2.98603173828125,True
dates,datetime_utc_1024,base,2,80.82778125,176.1289375,True
dates,datetime_fixed_offset_scalar,base,2,1.1533729858398438,0.4718953857421875,True
dates,datetime_fixed_offset_16,base,2,3.9625238037109374,3.3834395751953124,True
dates,datetime_fixed_offset_1024,base,2,146.54822265625,187.8385703125,True
dates,date_scalar,base,2,0.9879448852539062,0.31652532958984375,True
dates,date_16,base,2,1.8814868774414062,0.7655521850585938,True
dates,date_1024,base,2,51.7355654296875,29.1755869140625,True
dates,time_scalar,base,2,1.0580655517578126,0.29674346923828127,True
dates,time_16,base,2,2.45570947265625,0.9475936889648438,False
dates,time_1024,base,2,85.52453515625,46.70857421875,False
dates,datetime_naive_1024_zero_microseconds,base,2,71.992767578125,43.905775390625,True
dates,datetime_utc_1024_zero_microseconds,base,2,74.929203125,172.9576328125,True
dates,time_1024_zero_microseconds,base,2,68.13414453125,38.01595703125,True
dates,datetime_naive_1024_naive_utc,base,2,90.247947265625,59.759357421875,True
dates,datetime_naive_1024_omit_microseconds,base,2,67.67381640625,41.69819140625,True
dates,datetime_naive_1024_utc_z,base,2,76.13850390625,53.689693359375,True
dates,datetime_naive_1024_naive_utc_omit_microseconds,base,2,68.502828125,43.60371875,True
dates,datetime_naive_1024_naive_utc_z,base,2,77.405486328125,55.007876953125,True
dates,datetime_naive_1024_omit_microseconds_utc_z,base,2,66.59221484375,41.267880859375,True
dates,datetime_naive_1024_naive_utc_omit_microseconds_utc_z,base,2,67.6385234375,43.15679296875,True
dates,datetime_utc_1024_omit_microseconds,base,2,70.04670703125,153.06321875,True
dates,datetime_utc_1024_utc_z,base,2,79.9089375,170.3883125,True
dates,datetime_utc_1024_omit_microseconds_utc_z,base,2,68.65493359375,152.23023828125,True
dates,time_1024_omit_microseconds,base,2,66.187591796875,36.484798828125,True
dates,date_1024_options,base,2,52.1166630859375,28.855400390625,True
dates,dates_under_dict,base,2,207.8010546875,247.9630234375,False
dates,dataclass_dates,base,2,343.810375,317.8297421875,True
dates,datetime_passthrough,base,2,1493.36921875,1087.445,True
dates,datetime_subclass,base,2,1214.651375,1134.98728125,True
dates,datetime_named_zero_offset_1024,base,2,126.6831875,169.88083984375,True
dates,datetime_negative_offset_1024,base,2,146.0757421875,199.51031640625,True
dates,datetime_seconds_offset_1024,base,2,136.6326015625,192.84936328125,True
dates,uuid_scalar_control,base,2,1.0713916625976563,0.36365414428710935,True
dates,uuid_list_control,base,2,122.48951171875,69.93583984375,True
dates,dict_control,base,2,0.47658729553222656,0.3736192626953125,True
dates,list_control,base,2,22.095751953125,7.0930830078125,True
dates,string_control,base,2,0.2835758819580078,0.2996281967163086,True
dates,dataclass_control,base,2,320.3428125,136.0317578125,True
numpy,datetime_Y_scalar,base,2,4.627521728515625,1.3936142578125,True
numpy,datetime_Y_16,base,2,5.77759228515625,2.5796781005859377,True
numpy,datetime_Y_4096,base,2,119.5556953125,300.9872421875,True
numpy,datetime_M_scalar,base,2,4.4385440673828125,1.3366434326171874,True
numpy,datetime_M_16,base,2,5.630218994140625,2.807936279296875,True
numpy,datetime_M_4096,base,2,129.094125,357.5861953125,True
numpy,datetime_D_scalar,base,2,4.707349609375,1.359434814453125,True
numpy,datetime_D_16,base,2,5.833684448242187,2.76822509765625,True
numpy,datetime_D_4096,base,2,160.4291484375,346.1695703125,True
numpy,datetime_s_scalar,base,2,4.525790649414063,1.3790062255859374,True
numpy,datetime_s_16,base,2,5.373473999023438,2.561388916015625,True
numpy,datetime_s_4096,base,2,106.731234375,347.295546875,True
numpy,datetime_us_scalar,base,2,4.583914794921875,1.363430419921875,True
numpy,datetime_us_16,base,2,5.623810791015625,2.9317030029296873,True
numpy,datetime_us_4096,base,2,113.808296875,443.2445234375,True
numpy,datetime_ns_scalar,base,2,4.647207153320313,1.394934326171875,True
numpy,datetime_ns_16,base,2,5.707464111328125,2.9543533935546873,True
numpy,datetime_ns_4096,base,2,122.461859375,425.9181875,True
numpy,datetime_us_4096_naive_utc,base,2,123.383453125,436.160890625,True
numpy,datetime_us_4096_omit_microseconds,base,2,103.205078125,382.2493203125,True
numpy,datetime_us_4096_utc_z,base,2,113.747640625,416.5639375,True
numpy,datetime_us_4096_naive_utc_omit_microseconds,base,2,106.92978125,368.5884453125,True
numpy,datetime_us_4096_naive_utc_z,base,2,113.8516328125,420.3296484375,True
numpy,datetime_us_4096_omit_microseconds_utc_z,base,2,101.2829296875,387.4556171875,True
numpy,datetime_us_4096_naive_utc_omit_microseconds_utc_z,base,2,112.429421875,419.92925,True
numpy,datetime_us_empty,base,2,5.456167724609375,1.3942386474609374,True
numpy,datetime_us_matrix,base,2,119.9558046875,481.952390625,True
numpy,datetime_us_under_dict,base,2,123.4915,465.02575,True
public,loads:apache_builds,base,2,483.41525,397.0340649350649,True
public,dumps:apache_builds,base,2,207.4672344827586,75.12690163934425,True
public,loads:canada,base,2,41990.748,19164.0745,True
public,dumps:canada,base,2,9454.544,5949.101333333333,True
public,loads:citm_catalog,base,2,7052.63225,4524.713571428571,True
public,dumps:citm_catalog,base,2,2248.0789285714286,910.3068181818182,True
public,loads:github_events,base,2,237.54083846153847,168.67636994219652,True
public,dumps:github_events,base,2,104.00588732394367,31.59586145833333,True
public,loads:google_maps_api_response,base,2,131.12195238095237,89.30321114369502,True
public,dumps:google_maps_api_response,base,2,46.709767550702026,19.93761622013034,True
public,loads:gsoc-2018,base,2,6537.4886,29455.422,True
public,dumps:gsoc-2018,base,2,3755.663875,1425.2676666666669,True
public,loads:instruments,base,2,934.1073125,641.62175,True
public,dumps:instruments,base,2,388.16507594936706,149.7196911764706,True
public,loads:marine_ik,base,2,49244.839,78230.759,True
public,dumps:marine_ik,base,2,12474.126,7682.3152,True
public,loads:mesh,base,2,5511.776,3740.705375,True
public,dumps:mesh,base,2,2779.7185833333333,1811.397,True
public,loads:numbers,base,2,835.5002352941176,507.6084833333333,True
public,dumps:numbers,base,2,480.7304920634921,410.2484285714286,True
public,loads:random,base,2,4500.216571428572,2930.012272727273,True
public,dumps:random,base,2,1810.508388888889,580.7132452830189,True
public,loads:semanticscholar-corpus,base,2,97369.121,158231.548,True
public,dumps:semanticscholar-corpus,base,2,24063.556,9732.180666666665,True
public,loads:tree-pretty,base,2,164.32248387096772,94.84824605678233,True
public,dumps:tree-pretty,base,2,65.13385430463576,24.795115059221658,True
public,loads:twitter,base,2,3540.4239,1974.2714705882352,True
public,dumps:twitter,base,2,1397.8549130434783,405.2289491525424,True
public,loads:twitterescaped,base,2,3208.3315,2008.6131333333333,True
public,dumps:twitterescaped,base,2,1320.538,416.1857123287671,True
public,loads:update-center,base,2,2747.461363636364,2377.546076923077,True
public,dumps:update-center,base,2,1411.2576999999999,492.8338852459016,True
public,loads:poet,base,2,13995.430333333334,8988.18075,True
public,dumps:poet,base,2,12428.111333333334,1982.6095555555555,True
public,loads:otfcc,base,2,2892142.917,4890035.268,True
public,dumps:otfcc,base,2,1135391.392,533084.814,True
target,offsets_1_owners_1_dates,cache2,2,1.4708262634277345,0.48580474853515626,True
target,offsets_1_owners_16_dates,cache2,2,3.1953418579101562,2.9876278076171876,True
target,offsets_1_owners_1024_dates,cache2,2,96.32207421875,172.90626953125,True
target,offsets_2_owners_16_dates,cache2,2,3.3485460815429686,3.017815734863281,True
target,offsets_2_owners_1024_dates,cache2,2,98.6017734375,175.03939453125,True
target,offsets_8_owners_16_dates,cache2,2,4.130047973632813,3.0299482421875,True
target,offsets_8_owners_1024_dates,cache2,2,101.36795703125,171.614453125,True
target,offsets_9_owners_16_dates,cache2,2,4.62421875,2.98557958984375,True
target,offsets_9_owners_1024_dates,cache2,2,141.18138671875,169.39621875,True
target,offsets_64_owners_16_dates,cache2,2,4.648331298828125,3.1137496337890624,True
target,offsets_64_owners_1024_dates,cache2,2,139.9015,173.86678515625,True
target,datetime_scalar,cache2,2,1.161756072998047,0.46930465698242185,True
target,datetime_naive,cache2,2,76.223318359375,45.9771875,True
target,datetime_utc,cache2,2,81.50331640625,160.450453125,True
target,scalar_integer,cache2,2,0.26775177001953127,0.2978309783935547,True
target,tiny_list,cache2,2,0.3442690353393555,0.32287967681884766,True
target,tiny_dict,cache2,2,0.39535865783691404,0.3704405364990234,True
target,large_integers,cache2,2,213.3898125,73.02446875,True
target,repeated_keys,cache2,2,109.423388671875,67.15234375,True
target,early_dataclass,cache2,2,2.301103759765625,0.532075439453125,True
target,late_dataclass,cache2,2,2.7370157470703127,0.5867942504882813,True
target,early_default,cache2,2,2.339860595703125,0.6659735717773437,True
target,late_default,cache2,2,2.6138408813476564,0.6681155395507813,True
target,output_255_bytes,cache2,2,0.37974183654785154,0.4299057159423828,True
target,output_256_bytes,cache2,2,0.3841985092163086,0.42813988494873045,True
target,output_257_bytes,cache2,2,0.48841429138183595,0.42094190979003904,True
target,output_511_bytes,cache2,2,0.5597081451416016,0.4302517395019531,True
target,output_512_bytes,cache2,2,0.562436019897461,0.4234916534423828,True
target,output_513_bytes,cache2,2,0.667461669921875,0.42480958557128906,True
target,output_1023_bytes,cache2,2,0.8492970123291016,0.4502850952148437,True
target,output_1024_bytes,cache2,2,0.8885518798828125,0.46178738403320313,True
target,output_1025_bytes,cache2,2,0.8816088256835938,0.47221112060546877,True
target,output_16384_bytes,cache2,2,3.450271423339844,1.3885588989257813,True
output,small,cache2,2,0.6171907806396484,0.4269024200439453,True
output,medium,cache2,2,236.89590625,132.09276171875,True
output,integers,cache2,2,217.5916875,73.54884765625,True
output,floats,cache2,2,453.8465703125,381.477609375,True
output,strings,cache2,2,47.22873046875,12.6751123046875,True
output,escaped,cache2,2,171.5489375,60.5278515625,True
output,long_string,cache2,2,26.774345703125,8.90625390625,True
output,integers_wide_signed,cache2,2,401.335328125,694.38965625,True
output,integers_wide_unsigned,cache2,2,344.765109375,568.75128125,True
output,scalar_integer,cache2,2,0.2808577575683594,0.2948877639770508,True
output,integers_tiny,cache2,2,0.39535733795166017,0.3327015838623047,True
output,indent_integers,cache2,2,266.8439453125,150.3898359375,True
output,strict_integers,cache2,2,215.77393359375,72.43805859375,True
output,sorted_medium,cache2,2,374.063015625,195.41246875,True
output,integer_keys,cache2,2,71.830015625,60.75368359375,True
output,dataclasses,cache2,2,306.384671875,145.26540625,True
output,dataclass_single,cache2,2,1.3641785583496093,0.42342898559570313,True
output,dataclass_slots_single,cache2,2,2.245302978515625,0.9680514526367188,True
output,dataclass_slots,cache2,2,1052.9345,648.46365625,True
output,dataclass_nested,cache2,2,820.80603125,354.37709375,True
output,dataclass_indent,cache2,2,340.281703125,165.4107734375,True
output,dataclass_sorted,cache2,2,887.215796875,396.86696875,True
output,dataclass_default,cache2,2,434.2666328125,250.6940625,True
output,numpy_int64,cache2,2,1641.1915625,2172.32225,True
output,numpy_float32,cache2,2,3982.615625,4722.408125,True
output,late_default,cache2,2,17.89892724609375,3.89052197265625,True
output,dataclass_fields8,cache2,2,689.00740625,302.034671875,True
output,dataclass_fields16,cache2,2,1287.77296875,522.6265625,True
frontend,loads_small,cache2,2,1.068157440185547,0.9557696533203125,True
frontend,loads_small_bytearray,cache2,2,1.1617428588867187,0.9381915588378906,True
frontend,loads_small_memoryview,cache2,2,1.195645263671875,0.93701904296875,True
frontend,loads_small_array_view,cache2,2,1.3390762023925782,1.0719811096191407,True
frontend,loads_medium,cache2,2,620.3025,469.84365625,True
frontend,loads_medium_bytearray,cache2,2,583.56740625,441.107328125,True
frontend,loads_medium_memoryview,cache2,2,623.26,441.90890625,True
frontend,loads_medium_array_view,cache2,2,552.012203125,412.4231875,True
frontend,loads_integers,cache2,2,455.5891015625,326.090984375,True
frontend,loads_integers_bytearray,cache2,2,467.003734375,323.584484375,True
frontend,loads_integers_memoryview,cache2,2,486.15728125,339.3974921875,True
frontend,loads_integers_array_view,cache2,2,444.77359375,373.5435625,True
frontend,loads_floats,cache2,2,813.458234375,530.7035,True
frontend,loads_floats_bytearray,cache2,2,805.372890625,518.889890625,True
frontend,loads_floats_memoryview,cache2,2,802.37853125,526.07065625,True
frontend,loads_floats_array_view,cache2,2,850.821234375,516.417390625,True
frontend,loads_strings,cache2,2,72.051708984375,62.922228515625,True
frontend,loads_strings_bytearray,cache2,2,71.763517578125,58.81091796875,True
frontend,loads_strings_memoryview,cache2,2,74.33666796875,60.001970703125,True
frontend,loads_strings_array_view,cache2,2,72.2537109375,57.289453125,True
frontend,loads_escaped,cache2,2,425.712953125,218.5464921875,True
frontend,loads_escaped_bytearray,cache2,2,429.114890625,222.6046484375,True
frontend,loads_escaped_memoryview,cache2,2,434.2781796875,222.9187890625,True
frontend,loads_escaped_array_view,cache2,2,425.697859375,221.6682890625,True
frontend,loads_long_string,cache2,2,26.97420703125,78.355884765625,True
frontend,loads_long_string_bytearray,cache2,2,34.15803515625,78.295892578125,True
frontend,loads_long_string_memoryview,cache2,2,34.513486328125,76.96505078125,True
frontend,loads_long_string_array_view,cache2,2,34.38011328125,78.958564453125,True
frontend,dumps_root_empty,cache2,2,0.24284786987304688,0.26463329315185546,True
frontend,loads_root_empty,cache2,2,0.23296216583251952,0.2501497116088867,True
frontend,dumps_root_tiny,cache2,2,0.2633499526977539,0.26470867919921875,True
frontend,loads_root_tiny,cache2,2,0.28242757415771486,0.44482252502441405,True
frontend,dumps_root_below_threshold,cache2,2,0.44661670684814453,0.46217401885986326,True
frontend,loads_root_below_threshold,cache2,2,0.32369332885742186,0.5105283660888672,True
frontend,dumps_root_at_threshold,cache2,2,0.2698567962646484,0.4428109588623047,True
frontend,loads_root_at_threshold,cache2,2,0.334734619140625,0.5471767120361328,True
frontend,dumps_root_medium,cache2,2,0.8444505157470703,0.5992546234130859,True
frontend,loads_root_medium,cache2,2,1.0932301025390625,2.709866394042969,True
frontend,dumps_root_long,cache2,2,27.28491162109375,7.865779296875,True
frontend,loads_root_long,cache2,2,25.06520703125,73.0406171875,True
frontend,dumps_root_early_quote,cache2,2,25.63668505859375,7.67120458984375,True
frontend,loads_root_early_quote,cache2,2,33.793302734375,87.812853515625,True
frontend,dumps_root_late_quote,cache2,2,25.4638642578125,7.4491630859375,True
frontend,loads_root_late_quote,cache2,2,33.948806640625,74.512837890625,True
frontend,dumps_root_dense_escapes,cache2,2,115.8621875,339.697703125,True
frontend,loads_root_dense_escapes,cache2,2,212.624,154.54540234375,True
frontend,dumps_root_latin1,cache2,2,217.93337109375,8.40103125,True
frontend,loads_root_latin1,cache2,2,244.6513203125,182.4691015625,True
frontend,dumps_root_bmp,cache2,2,202.58186328125,7.74454296875,True
frontend,loads_root_bmp,cache2,2,232.28759375,148.6200234375,True
frontend,dumps_root_non_bmp,cache2,2,191.70691796875,9.50681640625,True
frontend,loads_root_non_bmp,cache2,2,200.18696484375,134.0733515625,True
frontend,dumps_root_append_newline,cache2,2,21.89992529296875,7.75596630859375,True
frontend,dumps_root_indent,cache2,2,29.52606396484375,8.02153955078125,True
frontend,loads_escaped_values,cache2,2,100.72807421875,58.07175,True
frontend,loads_unicode_escapes,cache2,2,274.1505546875,72.66778125,True
frontend,loads_repeated_escaped_keys,cache2,2,209.09078125,141.8090234375,True
frontend,loads_unique_escaped_keys,cache2,2,134.338375,66.3170234375,True
numbers,loads_small,cache2,2,0.6104517059326172,0.45065301513671874,True
numbers,loads_medium,cache2,2,477.28971875,339.413875,True
numbers,loads_integers,cache2,2,453.411734375,316.4606015625,True
numbers,loads_random_small,cache2,2,536.741890625,400.821265625,True
numbers,loads_wide_signed,cache2,2,868.82609375,692.22759375,True
numbers,loads_wide_unsigned,cache2,2,700.171578125,510.16746875,True
numbers,loads_mixed_integers,cache2,2,821.2779375,668.85753125,True
numbers,loads_tiny_integers,cache2,2,0.4256099090576172,0.3588253936767578,True
numbers,loads_scalar_integer,cache2,2,0.13626748657226562,0.20561366271972656,True
numbers,loads_floats,cache2,2,798.318234375,518.429140625,True
numbers,loads_float_bits,cache2,2,1254.64621875,763.71934375,True
numbers,loads_overflow_integers,cache2,2,1613.35103125,1061.481,True
numbers,loads_long_fractions,cache2,2,1507.13175,810.176625,True
numbers,loads_zero_forms,cache2,2,0.6166571655273437,0.3878984680175781,True
numbers,dumps_small,cache2,2,0.3238064193725586,0.2270814666748047,True
numbers,dumps_medium,cache2,2,200.35075,131.783078125,True
numbers,dumps_integers,cache2,2,214.00201953125,73.06975,True
numbers,dumps_random_small,cache2,2,293.3876953125,153.6238203125,True
numbers,dumps_wide_signed,cache2,2,420.755421875,1057.936828125,True
numbers,dumps_wide_unsigned,cache2,2,342.425859375,578.165703125,True
numbers,dumps_mixed_integers,cache2,2,418.9305625,653.724390625,True
numbers,dumps_tiny_integers,cache2,2,0.261623664855957,0.19719693756103515,True
numbers,dumps_scalar_integer,cache2,2,0.14587768936157228,0.179279239654541,True
numbers,dumps_floats,cache2,2,485.654671875,406.467484375,True
numbers,dumps_float_bits,cache2,2,499.983328125,404.699984375,True
strings,loads/short_plain/bytes,cache2,2,0.15684399795532228,0.20786234283447266,True
strings,loads/short_plain/bytearray,cache2,2,0.1857583999633789,0.21703822326660155,True
strings,loads/short_plain/memoryview,cache2,2,0.2684201354980469,0.21466525268554687,True
strings,loads/short_plain/array_view,cache2,2,0.26997669219970705,0.21717993927001952,True
strings,dumps/short_plain/object,cache2,2,0.14057635879516603,0.16449287033081056,True
strings,loads/short_escaped/bytes,cache2,2,0.23520721435546876,0.2256398696899414,True
strings,loads/short_escaped/bytearray,cache2,2,0.2629715881347656,0.22692900848388672,True
strings,loads/short_escaped/memoryview,cache2,2,0.34499708557128905,0.2299754180908203,True
strings,loads/short_escaped/array_view,cache2,2,0.34730422973632813,0.2313829116821289,True
strings,dumps/short_escaped/object,cache2,2,0.16773194885253906,0.17723026657104493,True
strings,loads/plain_values/bytes,cache2,2,72.34019140625,61.39602734375,True
strings,loads/plain_values/bytearray,cache2,2,73.52508203125,61.875265625,True
strings,loads/plain_values/memoryview,cache2,2,73.376224609375,60.261388671875,True
strings,loads/plain_values/array_view,cache2,2,72.272703125,60.09308203125,True
strings,dumps/plain_values/object,cache2,2,45.8499111328125,12.142875,True
strings,loads/escaped_values/bytes,cache2,2,121.95428125,64.36606640625,True
strings,loads/escaped_values/bytearray,cache2,2,121.5114765625,64.020921875,True
strings,loads/escaped_values/memoryview,cache2,2,123.02471484375,73.88193359375,True
strings,loads/escaped_values/array_view,cache2,2,124.2160859375,64.0631796875,True
strings,dumps/escaped_values/object,cache2,2,61.933486328125,31.235892578125,True
strings,loads/unicode_escapes/bytes,cache2,2,318.5444296875,83.631234375,True
strings,loads/unicode_escapes/bytearray,cache2,2,289.8530390625,79.4841015625,True
strings,loads/unicode_escapes/memoryview,cache2,2,279.0003984375,77.2818359375,True
strings,loads/unicode_escapes/array_view,cache2,2,283.405546875,77.8860625,True
strings,dumps/unicode_escapes/object,cache2,2,64.62615625,10.042078125,True
strings,loads/escaped_keys/bytes,cache2,2,554.975671875,293.5619375,True
strings,loads/escaped_keys/bytearray,cache2,2,561.491875,297.845421875,True
strings,loads/escaped_keys/memoryview,cache2,2,559.682140625,290.54121875,True
strings,loads/escaped_keys/array_view,cache2,2,554.97584375,289.31946875,True
strings,dumps/escaped_keys/object,cache2,2,165.504609375,77.01753125,True
strings,loads/unique_keys/bytes,cache2,2,173.806421875,86.436796875,True
strings,loads/unique_keys/bytearray,cache2,2,170.76975,88.27934765625,True
strings,loads/unique_keys/memoryview,cache2,2,168.36277734375,85.7561015625,True
strings,loads/unique_keys/array_view,cache2,2,167.92430859375,85.949390625,True
strings,dumps/unique_keys/object,cache2,2,51.8949169921875,25.94425390625,True
strings,loads/long_plain/bytes,cache2,2,30.498203125,89.624521484375,True
strings,loads/long_plain/bytearray,cache2,2,36.89398046875,84.04505078125,True
strings,loads/long_plain/memoryview,cache2,2,36.35567578125,83.431828125,True
strings,loads/long_plain/array_view,cache2,2,35.295767578125,80.5696953125,True
strings,dumps/long_plain/object,cache2,2,31.75250927734375,8.333431640625,True
strings,loads/long_escaped/bytes,cache2,2,107.889064453125,99.696126953125,True
strings,loads/long_escaped/bytearray,cache2,2,111.215775390625,100.001541015625,True
strings,loads/long_escaped/memoryview,cache2,2,117.22974609375,101.411205078125,True
strings,loads/long_escaped/array_view,cache2,2,120.3232890625,101.40922265625,True
strings,dumps/long_escaped/object,cache2,2,83.931263671875,92.081828125,True
strings,loads/late_escape/bytes,cache2,2,35.963578125,80.61170703125,True
strings,loads/late_escape/bytearray,cache2,2,41.27028515625,83.317564453125,True
strings,loads/late_escape/memoryview,cache2,2,40.574708984375,81.520033203125,True
strings,loads/late_escape/array_view,cache2,2,42.0757421875,82.44882421875,True
strings,dumps/late_escape/object,cache2,2,30.00790625,8.3412646484375,True
strings,loads/medium/bytes,cache2,2,569.007796875,428.568546875,True
strings,loads/medium/bytearray,cache2,2,565.431234375,433.616875,True
strings,loads/medium/memoryview,cache2,2,565.2749375,428.333421875,True
strings,loads/medium/array_view,cache2,2,576.83609375,430.998125,True
strings,dumps/medium/object,cache2,2,234.976078125,135.2949296875,True
strings,loads/integers/bytes,cache2,2,448.6987734375,321.8006328125,True
strings,loads/integers/bytearray,cache2,2,446.0332578125,315.262921875,True
strings,loads/integers/memoryview,cache2,2,457.8169609375,340.2483671875,True
strings,loads/integers/array_view,cache2,2,455.3003828125,330.229890625,True
strings,dumps/integers/object,cache2,2,223.93053125,73.0507109375,True
dates,datetime_naive_scalar,cache2,2,0.9972998657226563,0.320714599609375,True
dates,datetime_naive_16,cache2,2,2.48082763671875,1.0014563598632813,True
dates,datetime_naive_1024,cache2,2,75.40630859375,53.120578125,True
dates,datetime_utc_scalar,cache2,2,0.9899175415039062,0.4518873596191406,True
dates,datetime_utc_16,cache2,2,2.623734375,3.2368203735351564,True
dates,datetime_utc_1024,cache2,2,82.92107421875,173.23648046875,True
dates,datetime_fixed_offset_scalar,cache2,2,1.0679403686523437,0.4270003662109375,True
dates,datetime_fixed_offset_16,cache2,2,3.430087890625,3.2791846313476563,True
dates,datetime_fixed_offset_1024,cache2,2,109.58434375,185.3851015625,True
dates,date_scalar,cache2,2,1.0092533569335937,0.31350616455078123,True
dates,date_16,cache2,2,1.87003564453125,0.7585034790039062,True
dates,date_1024,cache2,2,50.2821484375,28.66328515625,True
dates,time_scalar,cache2,2,1.0070216674804688,0.33299224853515624,True
dates,time_16,cache2,2,2.4188404541015625,0.9156575927734375,False
dates,time_1024,cache2,2,73.590154296875,44.435005859375,False
dates,datetime_naive_1024_zero_microseconds,cache2,2,69.546939453125,41.124935546875,True
dates,datetime_utc_1024_zero_microseconds,cache2,2,71.92106640625,155.91053125,True
dates,time_1024_zero_microseconds,cache2,2,62.5941875,36.39554296875,True
dates,datetime_naive_1024_naive_utc,cache2,2,89.939623046875,59.514849609375,True
dates,datetime_naive_1024_omit_microseconds,cache2,2,68.62298046875,41.90990234375,True
dates,datetime_naive_1024_utc_z,cache2,2,78.78941796875,55.132693359375,True
dates,datetime_naive_1024_naive_utc_omit_microseconds,cache2,2,71.974095703125,44.081724609375,True
dates,datetime_naive_1024_naive_utc_z,cache2,2,80.32858984375,55.866958984375,True
dates,datetime_naive_1024_omit_microseconds_utc_z,cache2,2,70.9519296875,43.548171875,True
dates,datetime_naive_1024_naive_utc_omit_microseconds_utc_z,cache2,2,70.102400390625,44.93344921875,True
dates,datetime_utc_1024_omit_microseconds,cache2,2,74.0355078125,173.58,True
dates,datetime_utc_1024_utc_z,cache2,2,81.5532578125,179.22871484375,True
dates,datetime_utc_1024_omit_microseconds_utc_z,cache2,2,71.94694140625,157.8657578125,True
dates,time_1024_omit_microseconds,cache2,2,67.430306640625,36.809275390625,True
dates,date_1024_options,cache2,2,50.615197265625,28.526796875,True
dates,dates_under_dict,cache2,2,228.305515625,247.5101015625,False
dates,dataclass_dates,cache2,2,395.1403828125,394.0068125,True
dates,datetime_passthrough,cache2,2,1485.33440625,1080.5491875,True
dates,datetime_subclass,cache2,2,1222.714,1221.2515,True
dates,datetime_named_zero_offset_1024,cache2,2,88.47794140625,182.02825390625,True
dates,datetime_negative_offset_1024,cache2,2,100.185265625,191.21454296875,True
dates,datetime_seconds_offset_1024,cache2,2,101.6552890625,194.4337109375,True
dates,uuid_scalar_control,cache2,2,1.055210205078125,0.3704527893066406,True
dates,uuid_list_control,cache2,2,134.29643359375,75.29195703125,True
dates,dict_control,cache2,2,0.499325927734375,0.38150567626953125,True
dates,list_control,cache2,2,23.8391142578125,7.4704775390625,True
dates,string_control,cache2,2,0.2947566604614258,0.3050400695800781,True
dates,dataclass_control,cache2,2,330.7036953125,137.6668828125,True
numpy,datetime_Y_scalar,cache2,2,4.415953491210938,1.3128310546875,True
numpy,datetime_Y_16,cache2,2,5.78260986328125,2.5051494140625,True
numpy,datetime_Y_4096,cache2,2,127.852359375,315.46959375,True
numpy,datetime_M_scalar,cache2,2,4.487034912109375,1.31537548828125,True
numpy,datetime_M_16,cache2,2,6.16584228515625,2.7725263671875,True
numpy,datetime_M_4096,cache2,2,145.83534375,382.578140625,True
numpy,datetime_D_scalar,cache2,2,4.6612392578125,1.3190108642578124,True
numpy,datetime_D_16,cache2,2,6.053201782226562,2.6477989501953125,True
numpy,datetime_D_4096,cache2,2,158.188015625,347.24315625,True
numpy,datetime_s_scalar,cache2,2,4.61952978515625,1.318419677734375,True
numpy,datetime_s_16,cache2,2,5.79114599609375,2.6491956787109374,True
numpy,datetime_s_4096,cache2,2,114.660328125,351.4751796875,True
numpy,datetime_us_scalar,cache2,2,4.66574072265625,1.3634010009765625,True
numpy,datetime_us_16,cache2,2,5.736767944335938,2.910775390625,True
numpy,datetime_us_4096,cache2,2,120.3396875,448.277828125,True
numpy,datetime_ns_scalar,cache2,2,4.97271826171875,1.562713134765625,True
numpy,datetime_ns_16,cache2,2,5.791039794921875,2.9409141845703126,True
numpy,datetime_ns_4096,cache2,2,129.498578125,443.8206796875,True
numpy,datetime_us_4096_naive_utc,cache2,2,124.2993671875,440.4757734375,True
numpy,datetime_us_4096_omit_microseconds,cache2,2,105.0887265625,396.87059375,True
numpy,datetime_us_4096_utc_z,cache2,2,126.7436875,484.1344375,True
numpy,datetime_us_4096_naive_utc_omit_microseconds,cache2,2,118.828765625,406.6261796875,True
numpy,datetime_us_4096_naive_utc_z,cache2,2,123.8387734375,456.122734375,True
numpy,datetime_us_4096_omit_microseconds_utc_z,cache2,2,109.173828125,403.4615390625,True
numpy,datetime_us_4096_naive_utc_omit_microseconds_utc_z,cache2,2,122.538765625,380.486203125,True
numpy,datetime_us_empty,cache2,2,4.865357177734375,1.318201416015625,True
numpy,datetime_us_matrix,cache2,2,120.703703125,469.701015625,True
numpy,datetime_us_under_dict,cache2,2,124.2416484375,453.3421875,True
public,loads:apache_builds,cache2,2,489.7117627118644,405.4359861111111,True
public,dumps:apache_builds,cache2,2,233.63758041958042,74.8296716981132,True
public,loads:canada,cache2,2,42395.288,19918.2625,True
public,dumps:canada,cache2,2,9450.25475,5271.929,True
public,loads:citm_catalog,cache2,2,6289.6928,4391.618857142857,True
public,dumps:citm_catalog,cache2,2,2253.025285714286,898.5980588235294,True
public,loads:github_events,cache2,2,235.10272093023255,167.7136348314607,True
public,dumps:github_events,cache2,2,104.49917894736842,31.012871134020617,True
public,loads:google_maps_api_response,cache2,2,128.4610425531915,89.76841369047618,True
public,dumps:google_maps_api_response,cache2,2,46.94203767123288,19.908475464190982,True
public,loads:gsoc-2018,cache2,2,6260.2884,28198.1465,True
public,dumps:gsoc-2018,cache2,2,3558.9274285714287,1407.931818181818,True
public,loads:instruments,cache2,2,952.0742424242425,637.3759024390245,True
public,dumps:instruments,cache2,2,377.0598625,149.5486188118812,True
public,loads:marine_ik,cache2,2,42136.65,92112.921,True
public,dumps:marine_ik,cache2,2,14009.945333333333,7202.730799999999,True
public,loads:mesh,cache2,2,5924.825166666667,3691.864888888889,True
public,dumps:mesh,cache2,2,2650.67675,1791.3615555555555,True
public,loads:numbers,cache2,2,762.8773947368421,514.7229830508475,True
public,dumps:numbers,cache2,2,466.5329322033898,401.1085,True
public,loads:random,cache2,2,4300.2365,2879.126818181818,True
public,dumps:random,cache2,2,1800.1967777777777,555.379081632653,True
public,loads:semanticscholar-corpus,cache2,2,108663.633,156374.617,True
public,dumps:semanticscholar-corpus,cache2,2,22819.2875,9041.11725,True
public,loads:tree-pretty,cache2,2,158.8231210526316,95.53881395348837,True
public,dumps:tree-pretty,cache2,2,62.38371902654867,25.91729810298103,True
public,loads:twitter,cache2,2,3402.214888888889,1996.052,True
public,dumps:twitter,cache2,2,1751.1844090909092,440.2001690140845,True
public,loads:twitterescaped,cache2,2,3135.1355,1949.0779375,True
public,dumps:twitterescaped,cache2,2,1309.3619090909092,466.5422957746479,True
public,loads:update-center,cache2,2,3511.054090909091,2391.3686923076925,True
public,dumps:update-center,cache2,2,1973.4378000000002,542.5103653846154,True
public,loads:poet,cache2,2,16594.1205,37405.205,True
public,dumps:poet,cache2,2,12030.158666666666,1969.0166363636365,True
public,loads:otfcc,cache2,2,2895012.212,4869361.118,True
public,dumps:otfcc,cache2,2,1289737.844,608128.734,True
target,offsets_1_owners_1_dates,portable,2,1.4066235656738282,0.47591009521484373,True
target,offsets_1_owners_16_dates,portable,2,3.7096778564453126,3.10373681640625,True
target,offsets_1_owners_1024_dates,portable,2,136.47158203125,173.55362890625,True
target,offsets_2_owners_16_dates,portable,2,3.619944274902344,3.0489517211914063,True
target,offsets_2_owners_1024_dates,portable,2,139.92775390625,193.93465234375,True
target,offsets_8_owners_16_dates,portable,2,3.5204029541015625,2.850341552734375,True
target,offsets_8_owners_1024_dates,portable,2,139.49526171875,172.52874609375,True
target,offsets_9_owners_16_dates,portable,2,3.6050274658203123,3.036707275390625,True
target,offsets_9_owners_1024_dates,portable,2,137.27333984375,170.28839453125,True
target,offsets_64_owners_16_dates,portable,2,3.626255310058594,3.1714278564453124,True
target,offsets_64_owners_1024_dates,portable,2,139.29865234375,178.2564375,True
target,datetime_scalar,portable,2,1.1367109375,0.470735595703125,True
target,datetime_naive,portable,2,80.050109375,51.574560546875,True
target,datetime_utc,portable,2,84.49370703125,170.56148828125,True
target,scalar_integer,portable,2,0.2755171432495117,0.28969520568847656,True
target,tiny_list,portable,2,0.35053782653808596,0.3123064727783203,True
target,tiny_dict,portable,2,0.38567506408691404,0.33833108520507815,True
target,large_integers,portable,2,210.653,73.0910625,True
target,repeated_keys,portable,2,108.813509765625,55.16233984375,True
target,early_dataclass,portable,2,1.8040879211425782,0.5878230285644531,True
target,late_dataclass,portable,2,2.1927329711914063,0.5832302856445313,True
target,early_default,portable,2,1.8522780151367189,0.651232177734375,True
target,late_default,portable,2,2.1035353393554685,0.6616873168945312,True
target,output_255_bytes,portable,2,0.403159423828125,0.456177864074707,True
target,output_256_bytes,portable,2,0.38363166046142577,0.4211334381103516,True
target,output_257_bytes,portable,2,0.4749403839111328,0.39803878784179686,True
target,output_511_bytes,portable,2,0.5086383361816407,0.4107096710205078,True
target,output_512_bytes,portable,2,0.5369683074951171,0.4288122100830078,True
target,output_513_bytes,portable,2,0.6008894653320312,0.4031483154296875,True
target,output_1023_bytes,portable,2,0.7537476196289062,0.4585411834716797,True
target,output_1024_bytes,portable,2,0.7390798645019532,0.43033848571777344,True
target,output_1025_bytes,portable,2,0.76367919921875,0.4506009521484375,True
target,output_16384_bytes,portable,2,3.065904724121094,1.3140906372070313,True
